DIVINOPOLIS;A564;-20.17333332;-44.87499999;2019-11-30;26.6;20;6.6
DIVINOPOLIS;A564;-20.17333332;-44.87499999;2019-12-01;30.3;20.9;9.4
DIVINOPOLIS;A564;-20.17333332;-44.87499999;2019-12-02;30.7;19.5;11.2
DIVINOPOLIS;A564;-20.17333332;-44.87499999;2019-12-03;28.2;20.5;7.7
DIVINOPOLIS;A564;-20.17333332;-44.87499999;2019-12-04;27.7;20.8;6.9
DIVINOPOLIS;A564;-20.17333332;-44.87499999;2019-12-05;27.2;20.1;7.1
DIVINOPOLIS;A564;-20.17333332;-44.87499999;2019-12-06;29.3;20.3;9
DIVINOPOLIS;A564;-20.17333332;-44.87499999;2019-12-07;28.8;19.7;9.1
DIVINOPOLIS;A564;-20.17333332;-44.87499999;2019-12-08;28;18.7;9.3
DIVINOPOLIS;A564;-20.17333332;-44.87499999;2019-12-09;27.2;19.4;7.8
DIVINOPOLIS;A564;-20.17333332;-44.87499999;2019-12-10;27.2;19.8;7.4
DIVINOPOLIS;A564;-20.17333332;-44.87499999;2019-12-11;27.2;19.8;7.4
DIVINOPOLIS;A564;-20.17333332;-44.87499999;2019-12-12;25.9;19.7;6.2
DIVINOPOLIS;A564;-20.17333332;-44.87499999;2019-12-13;31.7;20.4;11.3
DIVINOPOLIS;A564;-20.17333332;-44.87499999;2019-12-14;32.2;19.3;12.9
DIVINOPOLIS;A564;-20.17333332;-44.87499999;2019-12-15;31.3;20.4;10.9
DIVINOPOLIS;A564;-20.17333332;-44.87499999;2019-12-16;31.2;16.3;14.9
DIVINOPOLIS;A564;-20.17333332;-44.87499999;2019-12-17;32.2;16.8;15.4
DIVINOPOLIS;A564;-20.17333332;-44.87499999;2019-12-18;33.4;17.6;15.8
DIVINOPOLIS;A564;-20.17333332;-44.87499999;2019-12-19;30.5;18.8;11.7
DIVINOPOLIS;A564;-20.17333332;-44.87499999;2019-12-20;30.4;18.2;12.2
DIVINOPOLIS;A564;-20.17333332;-44.87499999;2019-12-21;29;18.8;10.2
DIVINOPOLIS;A564;-20.17333332;-44.87499999;2019-12-22;32;19.4;12.6
DIVINOPOLIS;A564;-20.17333332;-44.87499999;2019-12-23;26.5;19.5;7
DIVINOPOLIS;A564;-20.17333332;-44.87499999;2019-12-24;26.8;19.1;7.7
DIVINOPOLIS;A564;-20.17333332;-44.87499999;2019-12-25;30.5;17.4;13.1
DIVINOPOLIS;A564;-20.17333332;-44.87499999;2019-12-26;32.3;18.9;13.4
DIVINOPOLIS;A564;-20.17333332;-44.87499999;2019-12-27;31.1;18.5;12.6
DIVINOPOLIS;A564;-20.17333332;-44.87499999;2019-12-28;30.7;19.4;11.3
DIVINOPOLIS;A564;-20.17333332;-44.87499999;2019-12-29;31.3;18.7;12.6
DIVINOPOLIS;A564;-20.17333332;-44.87499999;2019-12-30;30.4;17.5;12.9
DIVINOPOLIS;A564;-20.17333332;-44.87499999;2019-12-31;32.2;16.8;15.4
DIVINOPOLIS;A564;-20.17333332;-44.87499999;2020-01-01;32;19.5;12.5
DIVINOPOLIS;A564;-20.17333332;-44.87499999;2020-01-02;26.5;20.1;6.4
DIVINOPOLIS;A564;-20.17333332;-44.87499999;2020-01-03;28.3;21;7.3
DIVINOPOLIS;A564;-20.17333332;-44.87499999;2020-01-04;27.2;20.1;7.1
DIVINOPOLIS;A564;-20.17333332;-44.87499999;2020-01-05;30;19.3;10.7
DIVINOPOLIS;A564;-20.17333332;-44.87499999;2020-01-06;29.9;20.6;9.3
DIVINOPOLIS;A564;-20.17333332;-44.87499999;2020-01-07;31.7;20.6;11.1
DIVINOPOLIS;A564;-20.17333332;-44.87499999;2020-01-08;29.8;21.2;8.6
DIVINOPOLIS;A564;-20.17333332;-44.87499999;2020-01-09;32;19.7;12.3
DIVINOPOLIS;A564;-20.17333332;-44.87499999;2020-01-10;32.6;21;11.6
DIVINOPOLIS;A564;-20.17333332;-44.87499999;2020-01-11;32.3;21.7;10.6
DIVINOPOLIS;A564;-20.17333332;-44.87499999;2020-01-12;33.9;20.9;13
DIVINOPOLIS;A564;-20.17333332;-44.87499999;2020-01-13;34.2;20.5;13.7
DIVINOPOLIS;A564;-20.17333332;-44.87499999;2020-01-14;32.7;19.8;12.9
DIVINOPOLIS;A564;-20.17333332;-44.87499999;2020-01-15;32.8;20.2;12.6
DIVINOPOLIS;A564;-20.17333332;-44.87499999;2020-01-16;33.7;20;13.7
DIVINOPOLIS;A564;-20.17333332;-44.87499999;2020-01-17;29.6;20.8;8.8
DIVINOPOLIS;A564;-20.17333332;-44.87499999;2020-01-18;28.2;20.2;8
DIVINOPOLIS;A564;-20.17333332;-44.87499999;2020-01-19;29.9;20.5;9.4
DIVINOPOLIS;A564;-20.17333332;-44.87499999;2020-01-20;27.6;20.8;6.8
DIVINOPOLIS;A564;-20.17333332;-44.87499999;2020-01-21;29;19.4;9.6
DIVINOPOLIS;A564;-20.17333332;-44.87499999;2020-01-22;29.2;19.9;9.3
DIVINOPOLIS;A564;-20.17333332;-44.87499999;2020-01-23;24;20.9;3.1
DIVINOPOLIS;A564;-20.17333332;-44.87499999;2020-01-24;25.4;20.1;5.3
DIVINOPOLIS;A564;-20.17333332;-44.87499999;2020-01-25;29;19.7;9.3
DIVINOPOLIS;A564;-20.17333332;-44.87499999;2020-01-26;30;20;10
DIVINOPOLIS;A564;-20.17333332;-44.87499999;2020-01-27;31.6;20.8;10.8
DIVINOPOLIS;A564;-20.17333332;-44.87499999;2020-01-28;31.6;20.8;10.8
DIVINOPOLIS;A564;-20.17333332;-44.87499999;2020-01-29;30.3;19.6;10.7
DIVINOPOLIS;A564;-20.17333332;-44.87499999;2020-01-30;32.7;21.6;11.1
DIVINOPOLIS;A564;-20.17333332;-44.87499999;2020-01-31;32.6;20.5;12.1
DIVINOPOLIS;A564;-20.17333332;-44.87499999;2020-02-01;33.1;21.8;11.3
DIVINOPOLIS;A564;-20.17333332;-44.87499999;2020-02-02;32.9;18.8;14.1
DIVINOPOLIS;A564;-20.17333332;-44.87499999;2020-02-03;31.9;19.7;12.2
DIVINOPOLIS;A564;-20.17333332;-44.87499999;2020-02-04;31.7;20.6;11.1
DIVINOPOLIS;A564;-20.17333332;-44.87499999;2020-02-05;28.2;20.7;7.5
DIVINOPOLIS;A564;-20.17333332;-44.87499999;2020-02-06;27.3;18.8;8.5
DIVINOPOLIS;A564;-20.17333332;-44.87499999;2020-02-07;28.4;18.3;10.1
DIVINOPOLIS;A564;-20.17333332;-44.87499999;2020-02-08;28.7;18.7;10
DIVINOPOLIS;A564;-20.17333332;-44.87499999;2020-02-09;27.2;19.8;7.4
DIVINOPOLIS;A564;-20.17333332;-44.87499999;2020-02-10;28.2;20.6;7.6
DIVINOPOLIS;A564;-20.17333332;-44.87499999;2020-02-11;25.4;20.1;5.3
DIVINOPOLIS;A564;-20.17333332;-44.87499999;2020-02-12;27.5;19.9;7.6
DIVINOPOLIS;A564;-20.17333332;-44.87499999;2020-02-13;28.3;20.3;8
DIVINOPOLIS;A564;-20.17333332;-44.87499999;2020-02-14;30.1;17.8;12.3
DIVINOPOLIS;A564;-20.17333332;-44.87499999;2020-02-15;32.3;20.1;12.2
DIVINOPOLIS;A564;-20.17333332;-44.87499999;2020-02-16;28.8;21.2;7.6
DIVINOPOLIS;A564;-20.17333332;-44.87499999;2020-02-17;27.9;19.7;8.2
DIVINOPOLIS;A564;-20.17333332;-44.87499999;2020-02-18;31.2;20.8;10.4
DIVINOPOLIS;A564;-20.17333332;-44.87499999;2020-02-19;31.9;18.8;13.1
DIVINOPOLIS;A564;-20.17333332;-44.87499999;2020-02-20;31.6;19.5;12.1
DIVINOPOLIS;A564;-20.17333332;-44.87499999;2020-02-21;30.7;21.2;9.5
DIVINOPOLIS;A564;-20.17333332;-44.87499999;2020-02-22;31.5;19.9;11.6
DIVINOPOLIS;A564;-20.17333332;-44.87499999;2020-02-23;25.7;19.1;6.6
DIVINOPOLIS;A564;-20.17333332;-44.87499999;2020-02-24;24.9;18.7;6.2
DIVINOPOLIS;A564;-20.17333332;-44.87499999;2020-02-25;30;20.3;9.7
DIVINOPOLIS;A564;-20.17333332;-44.87499999;2020-02-26;29.7;21.4;8.3
DIVINOPOLIS;A564;-20.17333332;-44.87499999;2020-02-27;30.5;19.4;11.1
DIVINOPOLIS;A564;-20.17333332;-44.87499999;2020-02-28;24.4;20.2;4.2
DIVINOPOLIS;A564;-20.17333332;-44.87499999;2020-02-29;25.3;20;5.3
DIVINOPOLIS;A564;-20.17333332;-44.87499999;2020-03-01;28.3;20.2;8.1
DIVINOPOLIS;A564;-20.17333332;-44.87499999;2020-03-02;22.2;16.7;5.5
DIVINOPOLIS;A564;-20.17333332;-44.87499999;2020-03-03;24;17.8;6.2
DIVINOPOLIS;A564;-20.17333332;-44.87499999;2020-03-04;29.7;18.9;10.8
DIVINOPOLIS;A564;-20.17333332;-44.87499999;2020-03-05;29.7;20.1;9.6
DIVINOPOLIS;A564;-20.17333332;-44.87499999;2020-03-06;27.5;17.6;9.9
DIVINOPOLIS;A564;-20.17333332;-44.87499999;2020-03-07;28;18.2;9.8
DIVINOPOLIS;A564;-20.17333332;-44.87499999;2020-03-08;28.4;18;10.4
DIVINOPOLIS;A564;-20.17333332;-44.87499999;2020-03-09;30;17.3;12.7
DIVINOPOLIS;A564;-20.17333332;-44.87499999;2020-03-10;30.4;18.4;12
DIVINOPOLIS;A564;-20.17333332;-44.87499999;2020-03-11;30.5;17.6;12.9
DIVINOPOLIS;A564;-20.17333332;-44.87499999;2020-03-12;30.9;17.2;13.7
DIVINOPOLIS;A564;-20.17333332;-44.87499999;2020-03-13;31;18.8;12.2
DIVINOPOLIS;A564;-20.17333332;-44.87499999;2020-03-14;30.9;18.8;12.1
DIVINOPOLIS;A564;-20.17333332;-44.87499999;2020-03-15;30.6;18.4;12.2
DIVINOPOLIS;A564;-20.17333332;-44.87499999;2020-03-16;31.2;17.3;13.9
DIVINOPOLIS;A564;-20.17333332;-44.87499999;2020-03-17;30.1;18.2;11.9
DIVINOPOLIS;A564;-20.17333332;-44.87499999;2020-03-18;31.1;17.8;13.3
DIVINOPOLIS;A564;-20.17333332;-44.87499999;2020-03-19;30;19.4;10.6
DIVINOPOLIS;A564;-20.17333332;-44.87499999;2020-03-20;30.5;20.9;9.6
DIVINOPOLIS;A564;-20.17333332;-44.87499999;2020-03-21;28.5;21;7.5
DIVINOPOLIS;A564;-20.17333332;-44.87499999;2020-03-22;26.8;19.1;7.7
DIVINOPOLIS;A564;-20.17333332;-44.87499999;2020-03-23;27.6;17.2;10.4
DIVINOPOLIS;A564;-20.17333332;-44.87499999;2020-03-24;27.1;14.7;12.4
DIVINOPOLIS;A564;-20.17333332;-44.87499999;2020-03-25;27.3;14.6;12.7
DIVINOPOLIS;A564;-20.17333332;-44.87499999;2020-03-26;26.9;15.1;11.8
DIVINOPOLIS;A564;-20.17333332;-44.87499999;2020-03-27;26.5;15.3;11.2
DIVINOPOLIS;A564;-20.17333332;-44.87499999;2020-03-28;26.3;19.3;7
DIVINOPOLIS;A564;-20.17333332;-44.87499999;2020-03-29;29.6;17.3;12.3
DIVINOPOLIS;A564;-20.17333332;-44.87499999;2020-03-30;30.9;19.4;11.5
DIVINOPOLIS;A564;-20.17333332;-44.87499999;2020-03-31;30.4;19.2;11.2
DIVINOPOLIS;A564;-20.17333332;-44.87499999;2020-04-01;29.7;20.4;9.3
DIVINOPOLIS;A564;-20.17333332;-44.87499999;2020-04-02;29.7;18.7;11
DIVINOPOLIS;A564;-20.17333332;-44.87499999;2020-04-03;30.2;19.7;10.5
DIVINOPOLIS;A564;-20.17333332;-44.87499999;2020-04-04;30.1;19.9;10.2
DIVINOPOLIS;A564;-20.17333332;-44.87499999;2020-04-05;30.9;17.7;13.2
DIVINOPOLIS;A564;-20.17333332;-44.87499999;2020-04-06;30.5;19.6;10.9
DIVINOPOLIS;A564;-20.17333332;-44.87499999;2020-04-07;30.7;19.2;11.5
DIVINOPOLIS;A564;-20.17333332;-44.87499999;2020-04-08;29.3;20.4;8.9
DIVINOPOLIS;A564;-20.17333332;-44.87499999;2020-04-09;27.6;17.9;9.7
DIVINOPOLIS;A564;-20.17333332;-44.87499999;2020-04-10;29;16.2;12.8
DIVINOPOLIS;A564;-20.17333332;-44.87499999;2020-04-11;29.4;19.4;10
DIVINOPOLIS;A564;-20.17333332;-44.87499999;2020-04-12;28.4;17.9;10.5
DIVINOPOLIS;A564;-20.17333332;-44.87499999;2020-04-13;27.7;15.6;12.1
DIVINOPOLIS;A564;-20.17333332;-44.87499999;2020-04-14;28.1;15.9;12.2
DIVINOPOLIS;A564;-20.17333332;-44.87499999;2020-04-15;26.1;16.5;9.6
DIVINOPOLIS;A564;-20.17333332;-44.87499999;2020-04-16;26.1;18.9;7.2
DIVINOPOLIS;A564;-20.17333332;-44.87499999;2020-04-17;27.5;16.4;11.1
DIVINOPOLIS;A564;-20.17333332;-44.87499999;2020-04-18;28.2;16.9;11.3
DIVINOPOLIS;A564;-20.17333332;-44.87499999;2020-04-19;23.3;16.9;6.4
DIVINOPOLIS;A564;-20.17333332;-44.87499999;2020-04-20;26.8;15.4;11.4
DIVINOPOLIS;A564;-20.17333332;-44.87499999;2020-04-21;27.8;13.7;14.1
DIVINOPOLIS;A564;-20.17333332;-44.87499999;2020-04-22;28.1;14.4;13.7
DIVINOPOLIS;A564;-20.17333332;-44.87499999;2020-04-23;28;15.3;12.7
DIVINOPOLIS;A564;-20.17333332;-44.87499999;2020-04-24;28;16;12
DIVINOPOLIS;A564;-20.17333332;-44.87499999;2020-04-25;27.2;14.4;12.8
DIVINOPOLIS;A564;-20.17333332;-44.87499999;2020-04-26;28.4;15.2;13.2
DIVINOPOLIS;A564;-20.17333332;-44.87499999;2020-04-27;26.8;14.2;12.6
DIVINOPOLIS;A564;-20.17333332;-44.87499999;2020-04-28;25.7;13.1;12.6
DIVINOPOLIS;A564;-20.17333332;-44.87499999;2020-04-29;26.3;11.5;14.8
DIVINOPOLIS;A564;-20.17333332;-44.87499999;2020-04-30;26.3;12;14.3
DIVINOPOLIS;A564;-20.17333332;-44.87499999;2020-05-01;27.7;10.6;17.1
DIVINOPOLIS;A564;-20.17333332;-44.87499999;2020-05-02;28.5;12.5;16
DIVINOPOLIS;A564;-20.17333332;-44.87499999;2020-05-03;28.3;13.3;15
DIVINOPOLIS;A564;-20.17333332;-44.87499999;2020-05-04;27.4;14;13.4
DIVINOPOLIS;A564;-20.17333332;-44.87499999;2020-05-05;27.7;12.8;14.9
DIVINOPOLIS;A564;-20.17333332;-44.87499999;2020-05-06;27;14.9;12.1
DIVINOPOLIS;A564;-20.17333332;-44.87499999;2020-05-07;22.9;18.5;4.4
DIVINOPOLIS;A564;-20.17333332;-44.87499999;2020-05-08;23.8;13.7;10.1
DIVINOPOLIS;A564;-20.17333332;-44.87499999;2020-05-09;24.4;10.4;14
DIVINOPOLIS;A564;-20.17333332;-44.87499999;2020-05-10;23.5;9.6;13.9
DIVINOPOLIS;A564;-20.17333332;-44.87499999;2020-05-11;25;9;16
DIVINOPOLIS;A564;-20.17333332;-44.87499999;2020-05-12;26.2;8;18.2
DIVINOPOLIS;A564;-20.17333332;-44.87499999;2020-05-13;26.9;11.6;15.3
DIVINOPOLIS;A564;-20.17333332;-44.87499999;2020-05-14;22.9;13.1;9.8
DIVINOPOLIS;A564;-20.17333332;-44.87499999;2020-05-15;24.7;15.5;9.2
DIVINOPOLIS;A564;-20.17333332;-44.87499999;2020-05-16;23.2;16.8;6.4
DIVINOPOLIS;A564;-20.17333332;-44.87499999;2020-05-17;26.4;15;11.4
DIVINOPOLIS;A564;-20.17333332;-44.87499999;2020-05-18;26.1;11.9;14.2
DIVINOPOLIS;A564;-20.17333332;-44.87499999;2020-05-19;26.7;12.5;14.2
DIVINOPOLIS;A564;-20.17333332;-44.87499999;2020-05-20;25;13;12
DIVINOPOLIS;A564;-20.17333332;-44.87499999;2020-05-21;26.9;11.8;15.1
DIVINOPOLIS;A564;-20.17333332;-44.87499999;2020-05-22;26.4;11.6;14.8
DIVINOPOLIS;A564;-20.17333332;-44.87499999;2020-05-23;26;12.5;13.5
DIVINOPOLIS;A564;-20.17333332;-44.87499999;2020-05-24;20.2;15.5;4.7
DIVINOPOLIS;A564;-20.17333332;-44.87499999;2020-05-25;22.8;16.2;6.6
DIVINOPOLIS;A564;-20.17333332;-44.87499999;2020-05-26;22.6;8.1;14.5
DIVINOPOLIS;A564;-20.17333332;-44.87499999;2020-05-27;23.7;4.8;18.9
DIVINOPOLIS;A564;-20.17333332;-44.87499999;2020-05-28;25.5;5.8;19.7
DIVINOPOLIS;A564;-20.17333332;-44.87499999;2020-05-29;25.9;6.2;19.7
DIVINOPOLIS;A564;-20.17333332;-44.87499999;2020-05-30;23.6;7.7;15.9
DIVINOPOLIS;A564;-20.17333332;-44.87499999;2020-05-31;24.1;6.2;17.9
DIVINOPOLIS;A564;-20.17333332;-44.87499999;2020-06-01;24.6;7.1;17.5
DIVINOPOLIS;A564;-20.17333332;-44.87499999;2020-06-02;26;7.9;18.1
DIVINOPOLIS;A564;-20.17333332;-44.87499999;2020-06-03;27.9;10.4;17.5
DIVINOPOLIS;A564;-20.17333332;-44.87499999;2020-06-04;27.4;13.9;13.5
DIVINOPOLIS;A564;-20.17333332;-44.87499999;2020-06-05;26.4;13.4;13
DIVINOPOLIS;A564;-20.17333332;-44.87499999;2020-06-06;26.6;12;14.6
DIVINOPOLIS;A564;-20.17333332;-44.87499999;2020-06-07;26.3;13.6;12.7
DIVINOPOLIS;A564;-20.17333332;-44.87499999;2020-06-08;28.2;13.4;14.8
DIVINOPOLIS;A564;-20.17333332;-44.87499999;2020-06-09;28.6;12.9;15.7
DIVINOPOLIS;A564;-20.17333332;-44.87499999;2020-06-10;28.7;12.1;16.6
DIVINOPOLIS;A564;-20.17333332;-44.87499999;2020-06-11;28.9;13;15.9
DIVINOPOLIS;A564;-20.17333332;-44.87499999;2020-06-12;29.1;12.3;16.8
DIVINOPOLIS;A564;-20.17333332;-44.87499999;2020-06-13;27.6;13.2;14.4
DIVINOPOLIS;A564;-20.17333332;-44.87499999;2020-06-14;28.8;12;16.8
DIVINOPOLIS;A564;-20.17333332;-44.87499999;2020-06-15;26.9;16.3;10.6
DIVINOPOLIS;A564;-20.17333332;-44.87499999;2020-06-16;23.9;15.4;8.5
DIVINOPOLIS;A564;-20.17333332;-44.87499999;2020-06-17;20.4;14.5;5.9
DIVINOPOLIS;A564;-20.17333332;-44.87499999;2020-06-18;24.7;9.9;14.8
DIVINOPOLIS;A564;-20.17333332;-44.87499999;2020-06-19;25.6;8.9;16.7
DIVINOPOLIS;A564;-20.17333332;-44.87499999;2020-06-20;25;14.4;10.6
DIVINOPOLIS;A564;-20.17333332;-44.87499999;2020-06-21;26.8;10.8;16
DIVINOPOLIS;A564;-20.17333332;-44.87499999;2020-06-22;26.2;9.6;16.6
DIVINOPOLIS;A564;-20.17333332;-44.87499999;2020-06-23;25.5;8.1;17.4
DIVINOPOLIS;A564;-20.17333332;-44.87499999;2020-06-24;25.7;8.2;17.5
DIVINOPOLIS;A564;-20.17333332;-44.87499999;2020-06-25;26.5;9.4;17.1
DIVINOPOLIS;A564;-20.17333332;-44.87499999;2020-06-26;27.2;11.9;15.3
DIVINOPOLIS;A564;-20.17333332;-44.87499999;2020-06-27;27.2;11.8;15.4
DIVINOPOLIS;A564;-20.17333332;-44.87499999;2020-06-28;25.2;12.1;13.1
DIVINOPOLIS;A564;-20.17333332;-44.87499999;2020-06-29;23.5;13.9;9.6
DIVINOPOLIS;A564;-20.17333332;-44.87499999;2020-06-30;25;10.9;14.1
DIVINOPOLIS;A564;-20.17333332;-44.87499999;2020-07-01;27.5;11.6;15.9
DIVINOPOLIS;A564;-20.17333332;-44.87499999;2020-07-02;27.7;14.2;13.5
DIVINOPOLIS;A564;-20.17333332;-44.87499999;2020-07-03;27.6;11.4;16.2
DIVINOPOLIS;A564;-20.17333332;-44.87499999;2020-07-04;28.3;10.6;17.7
DIVINOPOLIS;A564;-20.17333332;-44.87499999;2020-07-05;27;10.8;16.2
DIVINOPOLIS;A564;-20.17333332;-44.87499999;2020-07-06;27.3;10.2;17.1
DIVINOPOLIS;A564;-20.17333332;-44.87499999;2020-07-07;26.6;9.1;17.5
DIVINOPOLIS;A564;-20.17333332;-44.87499999;2020-07-08;27.6;12.7;14.9
DIVINOPOLIS;A564;-20.17333332;-44.87499999;2020-07-09;28.3;10.6;17.7
DIVINOPOLIS;A564;-20.17333332;-44.87499999;2020-07-10;28.1;13.1;15
DIVINOPOLIS;A564;-20.17333332;-44.87499999;2020-07-11;26.7;11.6;15.1
DIVINOPOLIS;A564;-20.17333332;-44.87499999;2020-07-12;26.8;10.1;16.7
DIVINOPOLIS;A564;-20.17333332;-44.87499999;2020-07-13;28.1;10.5;17.6
DIVINOPOLIS;A564;-20.17333332;-44.87499999;2020-07-14;29.3;11.4;17.9
DIVINOPOLIS;A564;-20.17333332;-44.87499999;2020-07-15;28.3;14.9;13.4
DIVINOPOLIS;A564;-20.17333332;-44.87499999;2020-07-16;26.4;15.1;11.3
DIVINOPOLIS;A564;-20.17333332;-44.87499999;2020-07-17;26.9;11.7;15.2
DIVINOPOLIS;A564;-20.17333332;-44.87499999;2020-07-18;25;10.6;14.4
DIVINOPOLIS;A564;-20.17333332;-44.87499999;2020-07-19;25.1;8.7;16.4
DIVINOPOLIS;A564;-20.17333332;-44.87499999;2020-07-20;26.6;9.4;17.2
DIVINOPOLIS;A564;-20.17333332;-44.87499999;2020-07-21;27.8;13.9;13.9
DIVINOPOLIS;A564;-20.17333332;-44.87499999;2020-07-22;27.9;10.7;17.2
DIVINOPOLIS;A564;-20.17333332;-44.87499999;2020-07-23;27.2;10.2;17
DIVINOPOLIS;A564;-20.17333332;-44.87499999;2020-07-24;26;7.8;18.2
DIVINOPOLIS;A564;-20.17333332;-44.87499999;2020-07-25;27.6;12.6;15
DIVINOPOLIS;A564;-20.17333332;-44.87499999;2020-07-26;27.7;10.8;16.9
DIVINOPOLIS;A564;-20.17333332;-44.87499999;2020-07-27;26.2;13.6;12.6
DIVINOPOLIS;A564;-20.17333332;-44.87499999;2020-07-28;28.5;11.9;16.6
DIVINOPOLIS;A564;-20.17333332;-44.87499999;2020-07-29;28.9;11.5;17.4
DIVINOPOLIS;A564;-20.17333332;-44.87499999;2020-07-30;28.6;11.2;17.4
DIVINOPOLIS;A564;-20.17333332;-44.87499999;2020-07-31;24.9;14.4;10.5
DIVINOPOLIS;A564;-20.17333332;-44.87499999;2020-08-01;23.7;14.1;9.6
DIVINOPOLIS;A564;-20.17333332;-44.87499999;2020-08-02;25.2;10.2;15
DIVINOPOLIS;A564;-20.17333332;-44.87499999;2020-08-03;25;7.3;17.7
DIVINOPOLIS;A564;-20.17333332;-44.87499999;2020-08-04;25.8;7.1;18.7
DIVINOPOLIS;A564;-20.17333332;-44.87499999;2020-08-05;25.8;9.1;16.7
DIVINOPOLIS;A564;-20.17333332;-44.87499999;2020-08-06;24.8;8;16.8
DIVINOPOLIS;A564;-20.17333332;-44.87499999;2020-08-07;27.2;8;19.2
DIVINOPOLIS;A564;-20.17333332;-44.87499999;2020-08-08;26.5;9.1;17.4
DIVINOPOLIS;A564;-20.17333332;-44.87499999;2020-08-09;24.6;12.3;12.3
DIVINOPOLIS;A564;-20.17333332;-44.87499999;2020-08-10;26.7;11.6;15.1
DIVINOPOLIS;A564;-20.17333332;-44.87499999;2020-08-11;27;10.9;16.1
DIVINOPOLIS;A564;-20.17333332;-44.87499999;2020-08-12;28.6;10.1;18.5
DIVINOPOLIS;A564;-20.17333332;-44.87499999;2020-08-13;30;13.4;16.6
DIVINOPOLIS;A564;-20.17333332;-44.87499999;2020-08-14;29.9;13.5;16.4
DIVINOPOLIS;A564;-20.17333332;-44.87499999;2020-08-15;30.4;12.7;17.7
DIVINOPOLIS;A564;-20.17333332;-44.87499999;2020-08-16;31.3;12.1;19.2
DIVINOPOLIS;A564;-20.17333332;-44.87499999;2020-08-17;30.6;15.3;15.3
DIVINOPOLIS;A564;-20.17333332;-44.87499999;2020-08-18;31.3;15;16.3
DIVINOPOLIS;A564;-20.17333332;-44.87499999;2020-08-19;31.4;15.5;15.9
DIVINOPOLIS;A564;-20.17333332;-44.87499999;2020-08-20;31.9;14.7;17.2
DIVINOPOLIS;A564;-20.17333332;-44.87499999;2020-08-21;27.1;17.6;9.5
DIVINOPOLIS;A564;-20.17333332;-44.87499999;2020-08-22;15.7;12.6;3.1
DIVINOPOLIS;A564;-20.17333332;-44.87499999;2020-08-23;20.5;12.5;8
DIVINOPOLIS;A564;-20.17333332;-44.87499999;2020-08-24;23.7;8.6;15.1
DIVINOPOLIS;A564;-20.17333332;-44.87499999;2020-08-25;24.4;8;16.4
DIVINOPOLIS;A564;-20.17333332;-44.87499999;2020-08-26;27.3;6;21.3
DIVINOPOLIS;A564;-20.17333332;-44.87499999;2020-08-27;28.5;10.3;18.2
DIVINOPOLIS;A564;-20.17333332;-44.87499999;2020-08-28;28.9;11.1;17.8
DIVINOPOLIS;A564;-20.17333332;-44.87499999;2020-08-29;29.1;12;17.1
DIVINOPOLIS;A564;-20.17333332;-44.87499999;2020-08-30;30.7;12;18.7
DIVINOPOLIS;A564;-20.17333332;-44.87499999;2020-08-31;32.1;12.5;19.6
DIVINOPOLIS;A564;-20.17333332;-44.87499999;2020-09-01;30.2;16.8;13.4
DIVINOPOLIS;A564;-20.17333332;-44.87499999;2020-09-02;28.2;16.9;11.3
DIVINOPOLIS;A564;-20.17333332;-44.87499999;2020-09-03;29.4;10.9;18.5
DIVINOPOLIS;A564;-20.17333332;-44.87499999;2020-09-04;32.1;11.1;21
DIVINOPOLIS;A564;-20.17333332;-44.87499999;2020-09-05;31.4;11.1;20.3
DIVINOPOLIS;A564;-20.17333332;-44.87499999;2020-09-06;31.2;10.5;20.7
DIVINOPOLIS;A564;-20.17333332;-44.87499999;2020-09-07;32.8;11.4;21.4
DIVINOPOLIS;A564;-20.17333332;-44.87499999;2020-09-08;33.3;11.8;21.5
DIVINOPOLIS;A564;-20.17333332;-44.87499999;2020-09-09;33.5;14.1;19.4
DIVINOPOLIS;A564;-20.17333332;-44.87499999;2020-09-10;33.6;13.3;20.3
DIVINOPOLIS;A564;-20.17333332;-44.87499999;2020-09-11;33.4;12.9;20.5
DIVINOPOLIS;A564;-20.17333332;-44.87499999;2020-09-12;33.5;12.9;20.6
DIVINOPOLIS;A564;-20.17333332;-44.87499999;2020-09-13;30.7;13.2;17.5
DIVINOPOLIS;A564;-20.17333332;-44.87499999;2020-09-14;31.1;12.8;18.3
DIVINOPOLIS;A564;-20.17333332;-44.87499999;2020-09-15;30.5;13.5;17
DIVINOPOLIS;A564;-20.17333332;-44.87499999;2020-09-16;31.3;16.6;14.7
DIVINOPOLIS;A564;-20.17333332;-44.87499999;2020-09-17;33.2;13.7;19.5
DIVINOPOLIS;A564;-20.17333332;-44.87499999;2020-09-18;34.9;14.2;20.7
DIVINOPOLIS;A564;-20.17333332;-44.87499999;2020-09-19;36.4;15.7;20.7
DIVINOPOLIS;A564;-20.17333332;-44.87499999;2020-09-20;33.1;18.7;14.4
DIVINOPOLIS;A564;-20.17333332;-44.87499999;2020-09-21;24.8;18.6;6.2
DIVINOPOLIS;A564;-20.17333332;-44.87499999;2020-09-22;19.7;17.2;2.5
DIVINOPOLIS;A564;-20.17333332;-44.87499999;2020-09-23;23.1;16.2;6.9
DIVINOPOLIS;A564;-20.17333332;-44.87499999;2020-09-24;28.7;15;13.7
DIVINOPOLIS;A564;-20.17333332;-44.87499999;2020-09-25;31;16.2;14.8
DIVINOPOLIS;A564;-20.17333332;-44.87499999;2020-09-26;32.8;15.1;17.7
DIVINOPOLIS;A564;-20.17333332;-44.87499999;2020-09-27;34.2;15.4;18.8
DIVINOPOLIS;A564;-20.17333332;-44.87499999;2020-09-28;36.9;16;20.9
DIVINOPOLIS;A564;-20.17333332;-44.87499999;2020-09-29;36.5;16.9;19.6
DIVINOPOLIS;A564;-20.17333332;-44.87499999;2020-09-30;36.6;19.5;17.1
DIVINOPOLIS;A564;-20.17333332;-44.87499999;2020-10-01;35.9;18.5;17.4
DIVINOPOLIS;A564;-20.17333332;-44.87499999;2020-10-02;36.4;18.1;18.3
DIVINOPOLIS;A564;-20.17333332;-44.87499999;2020-10-03;38.1;17.5;20.6
DIVINOPOLIS;A564;-20.17333332;-44.87499999;2020-10-04;35.5;21.8;13.7
DIVINOPOLIS;A564;-20.17333332;-44.87499999;2020-10-05;35.2;20.5;14.7
DIVINOPOLIS;A564;-20.17333332;-44.87499999;2020-10-06;36.8;18.9;17.9
DIVINOPOLIS;A564;-20.17333332;-44.87499999;2020-10-07;38.1;19.8;18.3
DIVINOPOLIS;A564;-20.17333332;-44.87499999;2020-10-08;35.5;23;12.5
DIVINOPOLIS;A564;-20.17333332;-44.87499999;2020-10-09;36.6;20.7;15.9
DIVINOPOLIS;A564;-20.17333332;-44.87499999;2020-10-10;33;19.5;13.5
DIVINOPOLIS;A564;-20.17333332;-44.87499999;2020-10-11;28.5;18.4;10.1
DIVINOPOLIS;A564;-20.17333332;-44.87499999;2020-10-12;29.6;16.5;13.1
DIVINOPOLIS;A564;-20.17333332;-44.87499999;2020-10-13;31.9;17.7;14.2
DIVINOPOLIS;A564;-20.17333332;-44.87499999;2020-10-14;34.1;19.7;14.4
DIVINOPOLIS;A564;-20.17333332;-44.87499999;2020-10-15;31.4;18.5;12.9
DIVINOPOLIS;A564;-20.17333332;-44.87499999;2020-10-16;29.4;20.3;9.1
DIVINOPOLIS;A564;-20.17333332;-44.87499999;2020-10-17;25.7;16.8;8.9
DIVINOPOLIS;A564;-20.17333332;-44.87499999;2020-10-18;29;16.8;12.2
DIVINOPOLIS;A564;-20.17333332;-44.87499999;2020-10-19;22.7;16.4;6.3
DIVINOPOLIS;A564;-20.17333332;-44.87499999;2020-10-20;21.3;17.2;4.1
DIVINOPOLIS;A564;-20.17333332;-44.87499999;2020-10-21;26.7;18;8.7
DIVINOPOLIS;A564;-20.17333332;-44.87499999;2020-10-22;26.5;18.8;7.7
DIVINOPOLIS;A564;-20.17333332;-44.87499999;2020-10-23;25.8;18.9;6.9
DIVINOPOLIS;A564;-20.17333332;-44.87499999;2020-10-24;21.6;18.8;2.8
DIVINOPOLIS;A564;-20.17333332;-44.87499999;2020-10-25;25.9;18.1;7.8
DIVINOPOLIS;A564;-20.17333332;-44.87499999;2020-10-26;29.4;15.5;13.9
DIVINOPOLIS;A564;-20.17333332;-44.87499999;2020-10-27;31.5;16.4;15.1
DIVINOPOLIS;A564;-20.17333332;-44.87499999;2020-10-28;32.8;18.6;14.2
DIVINOPOLIS;A564;-20.17333332;-44.87499999;2020-10-29;29.2;20.8;8.4
DIVINOPOLIS;A564;-20.17333332;-44.87499999;2020-10-30;30;19.4;10.6
DIVINOPOLIS;A564;-20.17333332;-44.87499999;2020-10-31;24.8;17.2;7.6
DIVINOPOLIS;A564;-20.17333332;-44.87499999;2020-11-01;25.8;17.2;8.6
DIVINOPOLIS;A564;-20.17333332;-44.87499999;2020-11-02;28;13;15
DIVINOPOLIS;A564;-20.17333332;-44.87499999;2020-11-03;28.1;15;13.1
DIVINOPOLIS;A564;-20.17333332;-44.87499999;2020-11-04;27.4;16.2;11.2
DIVINOPOLIS;A564;-20.17333332;-44.87499999;2020-11-05;28.7;16.4;12.3
DIVINOPOLIS;A564;-20.17333332;-44.87499999;2020-11-06;31.7;16.3;15.4
DIVINOPOLIS;A564;-20.17333332;-44.87499999;2020-11-07;32.3;17.1;15.2
DIVINOPOLIS;A564;-20.17333332;-44.87499999;2020-11-08;33.6;17.8;15.8
DIVINOPOLIS;A564;-20.17333332;-44.87499999;2020-11-09;31.1;17.8;13.3
DIVINOPOLIS;A564;-20.17333332;-44.87499999;2020-11-10;27.6;18.4;9.2
DIVINOPOLIS;A564;-20.17333332;-44.87499999;2020-11-11;28.9;19.5;9.4
DIVINOPOLIS;A564;-20.17333332;-44.87499999;2020-11-12;28.2;18.3;9.9
DIVINOPOLIS;A564;-20.17333332;-44.87499999;2020-11-13;26.6;19.8;6.8
DIVINOPOLIS;A564;-20.17333332;-44.87499999;2020-11-14;27.5;17.7;9.8
DIVINOPOLIS;A564;-20.17333332;-44.87499999;2020-11-15;30.9;19.7;11.2
DIVINOPOLIS;A564;-20.17333332;-44.87499999;2020-11-16;31.5;19.5;12
DIVINOPOLIS;A564;-20.17333332;-44.87499999;2020-11-17;32.3;19.6;12.7
DIVINOPOLIS;A564;-20.17333332;-44.87499999;2020-11-18;31.5;19;12.5
DIVINOPOLIS;A564;-20.17333332;-44.87499999;2020-11-19;26.5;20.5;6
DIVINOPOLIS;A564;-20.17333332;-44.87499999;2020-11-20;30.4;19.2;11.2
DIVINOPOLIS;A564;-20.17333332;-44.87499999;2020-11-21;29.9;17.3;12.6
DIVINOPOLIS;A564;-20.17333332;-44.87499999;2020-11-22;28.8;18.6;10.2
DIVINOPOLIS;A564;-20.17333332;-44.87499999;2020-11-23;29.8;18.2;11.6
DIVINOPOLIS;A564;-20.17333332;-44.87499999;2020-11-24;29.9;19.5;10.4
DIVINOPOLIS;A564;-20.17333332;-44.87499999;2020-11-25;27.9;18.7;9.2
DIVINOPOLIS;A564;-20.17333332;-44.87499999;2020-11-26;30.6;19.3;11.3
DIVINOPOLIS;A564;-20.17333332;-44.87499999;2020-11-27;32;16.6;15.4
DIVINOPOLIS;A564;-20.17333332;-44.87499999;2020-11-28;31.1;16.1;15
DIVINOPOLIS;A564;-20.17333332;-44.87499999;2020-11-29;30.6;16.7;13.9
DIVINOPOLIS;A564;-20.17333332;-44.87499999;2020-11-30;31.4;17.2;14.2
DIVINOPOLIS;A564;-20.17333332;-44.87499999;2020-12-01;30.8;18.5;12.3
DIVINOPOLIS;A564;-20.17333332;-44.87499999;2020-12-02;27.2;20.4;6.8
DIVINOPOLIS;A564;-20.17333332;-44.87499999;2020-12-03;28.7;19.3;9.4
DIVINOPOLIS;A564;-20.17333332;-44.87499999;2020-12-04;32.8;18.8;14
DIVINOPOLIS;A564;-20.17333332;-44.87499999;2020-12-05;29.9;19.1;10.8
DIVINOPOLIS;A564;-20.17333332;-44.87499999;2020-12-06;27.6;20.5;7.1
DIVINOPOLIS;A564;-20.17333332;-44.87499999;2020-12-07;29.2;19.4;9.8
DIVINOPOLIS;A564;-20.17333332;-44.87499999;2020-12-08;27.3;20.1;7.2
DIVINOPOLIS;A564;-20.17333332;-44.87499999;2020-12-09;25.9;18.6;7.3
DIVINOPOLIS;A564;-20.17333332;-44.87499999;2020-12-10;26.9;18.8;8.1
DIVINOPOLIS;A564;-20.17333332;-44.87499999;2020-12-11;27.7;19.8;7.9
DIVINOPOLIS;A564;-20.17333332;-44.87499999;2020-12-12;29.6;20.2;9.4
DIVINOPOLIS;A564;-20.17333332;-44.87499999;2020-12-13;31.4;20.3;11.1
DIVINOPOLIS;A564;-20.17333332;-44.87499999;2020-12-14;32.4;18.1;14.3
DIVINOPOLIS;A564;-20.17333332;-44.87499999;2020-12-15;31.5;17.5;14
DIVINOPOLIS;A564;-20.17333332;-44.87499999;2020-12-16;33.5;18.9;14.6
DIVINOPOLIS;A564;-20.17333332;-44.87499999;2020-12-17;33.3;21.5;11.8
DIVINOPOLIS;A564;-20.17333332;-44.87499999;2020-12-18;32.4;19.6;12.8
DIVINOPOLIS;A564;-20.17333332;-44.87499999;2020-12-19;31.4;19.3;12.1
DIVINOPOLIS;A564;-20.17333332;-44.87499999;2020-12-20;31.2;20.9;10.3
DIVINOPOLIS;A564;-20.17333332;-44.87499999;2020-12-21;31.7;20.5;11.2
DIVINOPOLIS;A564;-20.17333332;-44.87499999;2020-12-22;29.9;19.8;10.1
DIVINOPOLIS;A564;-20.17333332;-44.87499999;2020-12-23;26;20;6
DIVINOPOLIS;A564;-20.17333332;-44.87499999;2020-12-24;24.7;20.5;4.2
DIVINOPOLIS;A564;-20.17333332;-44.87499999;2020-12-25;26.2;19;7.2
DIVINOPOLIS;A564;-20.17333332;-44.87499999;2020-12-26;28;19;9
DIVINOPOLIS;A564;-20.17333332;-44.87499999;2020-12-27;27.8;19.1;8.7
DIVINOPOLIS;A564;-20.17333332;-44.87499999;2020-12-28;28.9;18.9;10
DIVINOPOLIS;A564;-20.17333332;-44.87499999;2020-12-29;30;18.5;11.5
DIVINOPOLIS;A564;-20.17333332;-44.87499999;2020-12-30;30.5;17.7;12.8
DIVINOPOLIS;A564;-20.17333332;-44.87499999;2020-12-31;32;18.6;13.4
DIVINOPOLIS;A564;-20.17333332;-44.87499999;2021-01-01;32;19.8;12.2
DIVINOPOLIS;A564;-20.17333332;-44.87499999;2021-01-02;29.1;18.5;10.6
DIVINOPOLIS;A564;-20.17333332;-44.87499999;2021-01-03;29;17.6;11.4
DIVINOPOLIS;A564;-20.17333332;-44.87499999;2021-01-04;28.4;16.9;11.5
DIVINOPOLIS;A564;-20.17333332;-44.87499999;2021-01-05;30.8;18.2;12.6
DIVINOPOLIS;A564;-20.17333332;-44.87499999;2021-01-06;29.6;20;9.6
DIVINOPOLIS;A564;-20.17333332;-44.87499999;2021-01-07;32;19.8;12.2
DIVINOPOLIS;A564;-20.17333332;-44.87499999;2021-01-08;29.5;18.8;10.7
DIVINOPOLIS;A564;-20.17333332;-44.87499999;2021-01-09;30.4;20.9;9.5
DIVINOPOLIS;A564;-20.17333332;-44.87499999;2021-01-10;31;20.8;10.2
DIVINOPOLIS;A564;-20.17333332;-44.87499999;2021-01-11;30.5;20.3;10.2
DIVINOPOLIS;A564;-20.17333332;-44.87499999;2021-01-12;29.8;21.1;8.7
DIVINOPOLIS;A564;-20.17333332;-44.87499999;2021-01-13;29.3;20.9;8.4
DIVINOPOLIS;A564;-20.17333332;-44.87499999;2021-01-14;29.4;19.8;9.6
DIVINOPOLIS;A564;-20.17333332;-44.87499999;2021-01-15;28.3;19.5;8.8
DIVINOPOLIS;A564;-20.17333332;-44.87499999;2021-01-16;26.5;19.1;7.4
DIVINOPOLIS;A564;-20.17333332;-44.87499999;2021-01-17;29.6;19.1;10.5
DIVINOPOLIS;A564;-20.17333332;-44.87499999;2021-01-18;30.8;19.9;10.9
DIVINOPOLIS;A564;-20.17333332;-44.87499999;2021-01-19;31.2;17.2;14
DIVINOPOLIS;A564;-20.17333332;-44.87499999;2021-01-20;31.2;17.1;14.1
DIVINOPOLIS;A564;-20.17333332;-44.87499999;2021-01-21;31.5;16.4;15.1
DIVINOPOLIS;A564;-20.17333332;-44.87499999;2021-01-22;31.2;16.9;14.3
DIVINOPOLIS;A564;-20.17333332;-44.87499999;2021-01-23;30.1;19.2;10.9
DIVINOPOLIS;A564;-20.17333332;-44.87499999;2021-01-24;30.7;16.3;14.4
DIVINOPOLIS;A564;-20.17333332;-44.87499999;2021-01-25;30.5;17.4;13.1
DIVINOPOLIS;A564;-20.17333332;-44.87499999;2021-01-26;32;17.4;14.6
DIVINOPOLIS;A564;-20.17333332;-44.87499999;2021-01-27;32;18.1;13.9
DIVINOPOLIS;A564;-20.17333332;-44.87499999;2021-01-28;32.9;16.1;16.8
DIVINOPOLIS;A564;-20.17333332;-44.87499999;2021-01-29;32.6;17.1;15.5
DIVINOPOLIS;A564;-20.17333332;-44.87499999;2021-01-30;33;17.7;15.3
DIVINOPOLIS;A564;-20.17333332;-44.87499999;2021-01-31;33.9;20;13.9
DIVINOPOLIS;A564;-20.17333332;-44.87499999;2021-02-01;31;18.5;12.5
DIVINOPOLIS;A564;-20.17333332;-44.87499999;2021-02-02;29.9;19.1;10.8
DIVINOPOLIS;A564;-20.17333332;-44.87499999;2021-02-03;33.4;19.9;13.5
DIVINOPOLIS;A564;-20.17333332;-44.87499999;2021-02-04;32.2;19;13.2
DIVINOPOLIS;A564;-20.17333332;-44.87499999;2021-02-05;29.3;21;8.3
DIVINOPOLIS;A564;-20.17333332;-44.87499999;2021-02-06;26.5;19.8;6.7
DIVINOPOLIS;A564;-20.17333332;-44.87499999;2021-02-07;23.8;18.8;5
DIVINOPOLIS;A564;-20.17333332;-44.87499999;2021-02-08;27.2;17.6;9.6
DIVINOPOLIS;A564;-20.17333332;-44.87499999;2021-02-09;28.3;17.4;10.9
DIVINOPOLIS;A564;-20.17333332;-44.87499999;2021-02-10;30.5;16.3;14.2
DIVINOPOLIS;A564;-20.17333332;-44.87499999;2021-02-11;29.4;16.9;12.5
DIVINOPOLIS;A564;-20.17333332;-44.87499999;2021-02-12;24.3;18.3;6
DIVINOPOLIS;A564;-20.17333332;-44.87499999;2021-02-13;25.4;19.6;5.8
DIVINOPOLIS;A564;-20.17333332;-44.87499999;2021-02-14;28.8;19.3;9.5
DIVINOPOLIS;A564;-20.17333332;-44.87499999;2021-02-15;29.1;20.3;8.8
DIVINOPOLIS;A564;-20.17333332;-44.87499999;2021-02-16;31.2;20.2;11
DIVINOPOLIS;A564;-20.17333332;-44.87499999;2021-02-17;29.8;20.4;9.4
DIVINOPOLIS;A564;-20.17333332;-44.87499999;2021-02-18;27.7;20;7.7
DIVINOPOLIS;A564;-20.17333332;-44.87499999;2021-02-19;31;19.9;11.1
DIVINOPOLIS;A564;-20.17333332;-44.87499999;2021-02-20;30.9;20.8;10.1
DIVINOPOLIS;A564;-20.17333332;-44.87499999;2021-02-21;28.2;19.8;8.4
DIVINOPOLIS;A564;-20.17333332;-44.87499999;2021-02-22;29.9;19.9;10
DIVINOPOLIS;A564;-20.17333332;-44.87499999;2021-02-23;30;18.2;11.8
DIVINOPOLIS;A564;-20.17333332;-44.87499999;2021-02-24;31.8;17.2;14.6
DIVINOPOLIS;A564;-20.17333332;-44.87499999;2021-02-25;31;19.1;11.9
DIVINOPOLIS;A564;-20.17333332;-44.87499999;2021-02-26;28.2;19.6;8.6
DIVINOPOLIS;A564;-20.17333332;-44.87499999;2021-02-27;25.4;18.5;6.9
DIVINOPOLIS;A564;-20.17333332;-44.87499999;2021-02-28;27.9;18;9.9
DIVINOPOLIS;A564;-20.17333332;-44.87499999;2021-03-01;28.8;19.3;9.5
DIVINOPOLIS;A564;-20.17333332;-44.87499999;2021-03-02;28.2;17.1;11.1
DIVINOPOLIS;A564;-20.17333332;-44.87499999;2021-03-03;30.4;15.8;14.6
DIVINOPOLIS;A564;-20.17333332;-44.87499999;2021-03-04;30.5;16.2;14.3
DIVINOPOLIS;A564;-20.17333332;-44.87499999;2021-03-05;31;18.7;12.3
DIVINOPOLIS;A564;-20.17333332;-44.87499999;2021-03-06;29.5;19.2;10.3
DIVINOPOLIS;A564;-20.17333332;-44.87499999;2021-03-07;25.7;19.3;6.4
DIVINOPOLIS;A564;-20.17333332;-44.87499999;2021-03-08;27.1;19;8.1
DIVINOPOLIS;A564;-20.17333332;-44.87499999;2021-03-09;26.9;19.1;7.8
DIVINOPOLIS;A564;-20.17333332;-44.87499999;2021-03-10;26.2;17.8;8.4
DIVINOPOLIS;A564;-20.17333332;-44.87499999;2021-03-11;29.5;19.2;10.3
DIVINOPOLIS;A564;-20.17333332;-44.87499999;2021-03-12;31.3;18.8;12.5
DIVINOPOLIS;A564;-20.17333332;-44.87499999;2021-03-13;31.3;19.1;12.2
DIVINOPOLIS;A564;-20.17333332;-44.87499999;2021-03-14;29.8;19.5;10.3
DIVINOPOLIS;A564;-20.17333332;-44.87499999;2021-03-15;30.3;17.7;12.6
DIVINOPOLIS;A564;-20.17333332;-44.87499999;2021-03-16;30.1;16.8;13.3
DIVINOPOLIS;A564;-20.17333332;-44.87499999;2021-03-17;30.9;16;14.9
DIVINOPOLIS;A564;-20.17333332;-44.87499999;2021-03-18;30.6;17;13.6
DIVINOPOLIS;A564;-20.17333332;-44.87499999;2021-03-19;30.8;17.7;13.1
DIVINOPOLIS;A564;-20.17333332;-44.87499999;2021-03-20;30.3;18.1;12.2
DIVINOPOLIS;A564;-20.17333332;-44.87499999;2021-03-21;30.3;16.3;14
DIVINOPOLIS;A564;-20.17333332;-44.87499999;2021-03-22;31.1;16.1;15
DIVINOPOLIS;A564;-20.17333332;-44.87499999;2021-03-23;31.7;18.1;13.6
DIVINOPOLIS;A564;-20.17333332;-44.87499999;2021-03-24;32.4;17.4;15
DIVINOPOLIS;A564;-20.17333332;-44.87499999;2021-03-25;32.1;18.1;14
DIVINOPOLIS;A564;-20.17333332;-44.87499999;2021-03-26;31.6;18.5;13.1
DIVINOPOLIS;A564;-20.17333332;-44.87499999;2021-03-27;31.9;20.2;11.7
DIVINOPOLIS;A564;-20.17333332;-44.87499999;2021-03-28;32.2;19.4;12.8
DIVINOPOLIS;A564;-20.17333332;-44.87499999;2021-03-29;31.7;18.1;13.6
DIVINOPOLIS;A564;-20.17333332;-44.87499999;2021-03-30;31;18.6;12.4
DIVINOPOLIS;A564;-20.17333332;-44.87499999;2021-03-31;31.2;17.1;14.1
DIVINOPOLIS;A564;-20.17333332;-44.87499999;2021-04-01;30.3;16.7;13.6
DIVINOPOLIS;A564;-20.17333332;-44.87499999;2021-04-02;30.3;14.9;15.4
DIVINOPOLIS;A564;-20.17333332;-44.87499999;2021-04-03;29.9;17.6;12.3
DIVINOPOLIS;A564;-20.17333332;-44.87499999;2021-04-04;30.5;19.8;10.7
DIVINOPOLIS;A564;-20.17333332;-44.87499999;2021-04-05;28.2;17;11.2
DIVINOPOLIS;A564;-20.17333332;-44.87499999;2021-04-06;27.4;14.6;12.8
DIVINOPOLIS;A564;-20.17333332;-44.87499999;2021-04-07;29.3;16.5;12.8
DIVINOPOLIS;A564;-20.17333332;-44.87499999;2021-04-08;27.4;15.1;12.3
DIVINOPOLIS;A564;-20.17333332;-44.87499999;2021-04-09;28.3;14.9;13.4
DIVINOPOLIS;A564;-20.17333332;-44.87499999;2021-04-10;28.6;12.8;15.8
DIVINOPOLIS;A564;-20.17333332;-44.87499999;2021-04-11;29.7;11.9;17.8
DIVINOPOLIS;A564;-20.17333332;-44.87499999;2021-04-12;30.5;12.4;18.1
DIVINOPOLIS;A564;-20.17333332;-44.87499999;2021-04-13;30.7;12.8;17.9
DIVINOPOLIS;A564;-20.17333332;-44.87499999;2021-04-14;27.9;17.5;10.4
DIVINOPOLIS;A564;-20.17333332;-44.87499999;2021-04-15;27.9;13;14.9
DIVINOPOLIS;A564;-20.17333332;-44.87499999;2021-04-16;27.4;12.5;14.9
DIVINOPOLIS;A564;-20.17333332;-44.87499999;2021-04-17;28.2;12.5;15.7
DIVINOPOLIS;A564;-20.17333332;-44.87499999;2021-04-18;28.1;14.1;14
DIVINOPOLIS;A564;-20.17333332;-44.87499999;2021-04-19;29.8;16.1;13.7
DIVINOPOLIS;A564;-20.17333332;-44.87499999;2021-04-20;28.8;13.9;14.9
DIVINOPOLIS;A564;-20.17333332;-44.87499999;2021-04-21;28.6;12.7;15.9
DIVINOPOLIS;A564;-20.17333332;-44.87499999;2021-04-22;29.9;12;17.9
DIVINOPOLIS;A564;-20.17333332;-44.87499999;2021-04-23;29.5;12.7;16.8
DIVINOPOLIS;A564;-20.17333332;-44.87499999;2021-04-24;30.4;13;17.4
DIVINOPOLIS;A564;-20.17333332;-44.87499999;2021-04-25;31.7;13.6;18.1
DIVINOPOLIS;A564;-20.17333332;-44.87499999;2021-04-26;31.3;13.8;17.5
DIVINOPOLIS;A564;-20.17333332;-44.87499999;2021-04-27;27.7;18.1;9.6
DIVINOPOLIS;A564;-20.17333332;-44.87499999;2021-04-28;29.7;15.2;14.5
DIVINOPOLIS;A564;-20.17333332;-44.87499999;2021-04-29;28;13.6;14.4
DIVINOPOLIS;A564;-20.17333332;-44.87499999;2021-04-30;26.4;15.2;11.2
DIVINOPOLIS;A564;-20.17333332;-44.87499999;2021-05-01;25.9;14.1;11.8
DIVINOPOLIS;A564;-20.17333332;-44.87499999;2021-05-02;25.2;13.1;12.1
DIVINOPOLIS;A564;-20.17333332;-44.87499999;2021-05-03;27.6;11.3;16.3
DIVINOPOLIS;A564;-20.17333332;-44.87499999;2021-05-04;28.2;12.2;16
DIVINOPOLIS;A564;-20.17333332;-44.87499999;2021-05-05;28.6;12.4;16.2
DIVINOPOLIS;A564;-20.17333332;-44.87499999;2021-05-06;29.5;11.8;17.7
DIVINOPOLIS;A564;-20.17333332;-44.87499999;2021-05-07;30.3;14.6;15.7
DIVINOPOLIS;A564;-20.17333332;-44.87499999;2021-05-08;27.9;13.9;14
DIVINOPOLIS;A564;-20.17333332;-44.87499999;2021-05-09;27;14.1;12.9
DIVINOPOLIS;A564;-20.17333332;-44.87499999;2021-05-10;26.8;12;14.8
DIVINOPOLIS;A564;-20.17333332;-44.87499999;2021-05-11;27.2;10.9;16.3
DIVINOPOLIS;A564;-20.17333332;-44.87499999;2021-05-12;27.2;11.5;15.7
DIVINOPOLIS;A564;-20.17333332;-44.87499999;2021-05-13;26.6;11.9;14.7
DIVINOPOLIS;A564;-20.17333332;-44.87499999;2021-05-14;25.7;14.7;11
DIVINOPOLIS;A564;-20.17333332;-44.87499999;2021-05-15;24.6;14.3;10.3
DIVINOPOLIS;A564;-20.17333332;-44.87499999;2021-05-16;26.6;15.1;11.5
DIVINOPOLIS;A564;-20.17333332;-44.87499999;2021-05-17;28.2;14.3;13.9
DIVINOPOLIS;A564;-20.17333332;-44.87499999;2021-05-18;27.3;12.4;14.9
DIVINOPOLIS;A564;-20.17333332;-44.87499999;2021-05-19;28.6;11.1;17.5
DIVINOPOLIS;A564;-20.17333332;-44.87499999;2021-05-20;29;10;19
DIVINOPOLIS;A564;-20.17333332;-44.87499999;2021-05-21;29.6;10.6;19
DIVINOPOLIS;A564;-20.17333332;-44.87499999;2021-05-22;30.9;12.6;18.3
DIVINOPOLIS;A564;-20.17333332;-44.87499999;2021-05-23;25.8;16;9.8
DIVINOPOLIS;A564;-20.17333332;-44.87499999;2021-05-24;28.5;16.7;11.8
DIVINOPOLIS;A564;-20.17333332;-44.87499999;2021-05-25;29.7;11.6;18.1
DIVINOPOLIS;A564;-20.17333332;-44.87499999;2021-05-26;30.3;14;16.3
DIVINOPOLIS;A564;-20.17333332;-44.87499999;2021-05-27;30.3;14.9;15.4
DIVINOPOLIS;A564;-20.17333332;-44.87499999;2021-05-28;29.6;13.6;16
DIVINOPOLIS;A564;-20.17333332;-44.87499999;2021-05-29;30.5;15.8;14.7
DIVINOPOLIS;A564;-20.17333332;-44.87499999;2021-05-30;28.7;15.4;13.3
DIVINOPOLIS;A564;-20.17333332;-44.87499999;2021-05-31;27.6;16.9;10.7
DIVINOPOLIS;A564;-20.17333332;-44.87499999;2021-06-01;25;15.3;9.7
DIVINOPOLIS;A564;-20.17333332;-44.87499999;2021-06-02;27.5;13.1;14.4
DIVINOPOLIS;A564;-20.17333332;-44.87499999;2021-06-03;29;15.4;13.6
DIVINOPOLIS;A564;-20.17333332;-44.87499999;2021-06-04;28.2;12.8;15.4
DIVINOPOLIS;A564;-20.17333332;-44.87499999;2021-06-05;27.3;14.2;13.1
DIVINOPOLIS;A564;-20.17333332;-44.87499999;2021-06-06;26;12.6;13.4
DIVINOPOLIS;A564;-20.17333332;-44.87499999;2021-06-07;28.3;12.4;15.9
DIVINOPOLIS;A564;-20.17333332;-44.87499999;2021-06-08;28;12.6;15.4
DIVINOPOLIS;A564;-20.17333332;-44.87499999;2021-06-09;26.8;14.3;12.5
DIVINOPOLIS;A564;-20.17333332;-44.87499999;2021-06-10;26.5;14.3;12.2
DIVINOPOLIS;A564;-20.17333332;-44.87499999;2021-06-11;22.8;14.9;7.9
DIVINOPOLIS;A564;-20.17333332;-44.87499999;2021-06-12;26.2;15.3;10.9
DIVINOPOLIS;A564;-20.17333332;-44.87499999;2021-06-13;24.9;8.6;16.3
DIVINOPOLIS;A564;-20.17333332;-44.87499999;2021-06-14;25;9.2;15.8
DIVINOPOLIS;A564;-20.17333332;-44.87499999;2021-06-15;25.8;8.9;16.9
DIVINOPOLIS;A564;-20.17333332;-44.87499999;2021-06-16;27.1;11.1;16
DIVINOPOLIS;A564;-20.17333332;-44.87499999;2021-06-17;26.3;9.6;16.7
DIVINOPOLIS;A564;-20.17333332;-44.87499999;2021-06-18;25.9;9.4;16.5
DIVINOPOLIS;A564;-20.17333332;-44.87499999;2021-06-19;25.7;9.7;16
DIVINOPOLIS;A564;-20.17333332;-44.87499999;2021-06-20;27.1;10.8;16.3
DIVINOPOLIS;A564;-20.17333332;-44.87499999;2021-06-21;28.1;12.5;15.6
DIVINOPOLIS;A564;-20.17333332;-44.87499999;2021-06-22;28.2;11.6;16.6
DIVINOPOLIS;A564;-20.17333332;-44.87499999;2021-06-23;25.1;12.4;12.7
DIVINOPOLIS;A564;-20.17333332;-44.87499999;2021-06-24;26;9.5;16.5
DIVINOPOLIS;A564;-20.17333332;-44.87499999;2021-06-25;27.9;10.5;17.4
DIVINOPOLIS;A564;-20.17333332;-44.87499999;2021-06-26;27.4;11.5;15.9
DIVINOPOLIS;A564;-20.17333332;-44.87499999;2021-06-27;26;8.6;17.4
DIVINOPOLIS;A564;-20.17333332;-44.87499999;2021-06-28;25.9;7.4;18.5
DIVINOPOLIS;A564;-20.17333332;-44.87499999;2021-06-29;25.7;7.3;18.4
DIVINOPOLIS;A564;-20.17333332;-44.87499999;2021-06-30;22.7;12.3;10.4
DIVINOPOLIS;A564;-20.17333332;-44.87499999;2021-07-01;25.4;8.4;17
DIVINOPOLIS;A564;-20.17333332;-44.87499999;2021-07-02;23.6;10.1;13.5
DIVINOPOLIS;A564;-20.17333332;-44.87499999;2021-07-03;23.6;6.7;16.9
DIVINOPOLIS;A564;-20.17333332;-44.87499999;2021-07-04;23.6;7.2;16.4
DIVINOPOLIS;A564;-20.17333332;-44.87499999;2021-07-05;23.7;6.9;16.8
DIVINOPOLIS;A564;-20.17333332;-44.87499999;2021-07-06;23.8;7.4;16.4
DIVINOPOLIS;A564;-20.17333332;-44.87499999;2021-07-07;24.5;8.9;15.6
DIVINOPOLIS;A564;-20.17333332;-44.87499999;2021-07-08;24.7;7.2;17.5
DIVINOPOLIS;A564;-20.17333332;-44.87499999;2021-07-09;25.3;6.4;18.9
DIVINOPOLIS;A564;-20.17333332;-44.87499999;2021-07-10;25.6;6.5;19.1
DIVINOPOLIS;A564;-20.17333332;-44.87499999;2021-07-11;25.9;7.4;18.5
DIVINOPOLIS;A564;-20.17333332;-44.87499999;2021-07-12;26;8.6;17.4
DIVINOPOLIS;A564;-20.17333332;-44.87499999;2021-07-13;25.8;6.8;19
DIVINOPOLIS;A564;-20.17333332;-44.87499999;2021-07-14;26;8.9;17.1
DIVINOPOLIS;A564;-20.17333332;-44.87499999;2021-07-15;26.9;9.3;17.6
DIVINOPOLIS;A564;-20.17333332;-44.87499999;2021-07-16;28.3;10.3;18
DIVINOPOLIS;A564;-20.17333332;-44.87499999;2021-07-17;30.1;10.9;19.2
DIVINOPOLIS;A564;-20.17333332;-44.87499999;2021-07-18;30;13;17
DIVINOPOLIS;A564;-20.17333332;-44.87499999;2021-07-19;27.2;11.7;15.5
DIVINOPOLIS;A564;-20.17333332;-44.87499999;2021-07-20;27;4;23
DIVINOPOLIS;A564;-20.17333332;-44.87499999;2021-07-21;27.6;7.3;20.3
DIVINOPOLIS;A564;-20.17333332;-44.87499999;2021-07-22;26.9;10.3;16.6
DIVINOPOLIS;A564;-20.17333332;-44.87499999;2021-07-23;25.6;8.1;17.5
DIVINOPOLIS;A564;-20.17333332;-44.87499999;2021-07-24;25.3;9.4;15.9
DIVINOPOLIS;A564;-20.17333332;-44.87499999;2021-07-25;26;6.1;19.9
DIVINOPOLIS;A564;-20.17333332;-44.87499999;2021-07-26;26.3;7.4;18.9
DIVINOPOLIS;A564;-20.17333332;-44.87499999;2021-07-27;27.6;7.4;20.2
DIVINOPOLIS;A564;-20.17333332;-44.87499999;2021-07-28;29.4;9.3;20.1
DIVINOPOLIS;A564;-20.17333332;-44.87499999;2021-07-29;22.3;10.1;12.2
DIVINOPOLIS;A564;-20.17333332;-44.87499999;2021-07-30;23.5;3.8;19.7
DIVINOPOLIS;A564;-20.17333332;-44.87499999;2021-07-31;23.7;8.9;14.8
DIVINOPOLIS;A564;-20.17333332;-44.87499999;2021-08-01;25.3;8.1;17.2
DIVINOPOLIS;A564;-20.17333332;-44.87499999;2021-08-02;25;7.5;17.5
DIVINOPOLIS;A564;-20.17333332;-44.87499999;2021-08-03;27.2;8.8;18.4
DIVINOPOLIS;A564;-20.17333332;-44.87499999;2021-08-04;24.1;11.9;12.2
DIVINOPOLIS;A564;-20.17333332;-44.87499999;2021-08-05;25.9;10.1;15.8
DIVINOPOLIS;A564;-20.17333332;-44.87499999;2021-08-06;25.9;15.5;10.4
DIVINOPOLIS;A564;-20.17333332;-44.87499999;2021-08-07;23.5;13.4;10.1
DIVINOPOLIS;A564;-20.17333332;-44.87499999;2021-08-08;25.6;8.3;17.3
DIVINOPOLIS;A564;-20.17333332;-44.87499999;2021-08-09;26.8;10.4;16.4
DIVINOPOLIS;A564;-20.17333332;-44.87499999;2021-08-10;28.2;9.5;18.7
DIVINOPOLIS;A564;-20.17333332;-44.87499999;2021-08-11;30.3;10.1;20.2
DIVINOPOLIS;A564;-20.17333332;-44.87499999;2021-08-12;28.7;12.3;16.4
DIVINOPOLIS;A564;-20.17333332;-44.87499999;2021-08-13;28.2;12.2;16
DIVINOPOLIS;A564;-20.17333332;-44.87499999;2021-08-14;29.1;12.2;16.9
DIVINOPOLIS;A564;-20.17333332;-44.87499999;2021-08-15;31;13.1;17.9
DIVINOPOLIS;A564;-20.17333332;-44.87499999;2021-08-16;30.4;12;18.4
DIVINOPOLIS;A564;-20.17333332;-44.87499999;2021-08-17;28.8;14.3;14.5
DIVINOPOLIS;A564;-20.17333332;-44.87499999;2021-08-18;30.3;13.6;16.7
DIVINOPOLIS;A564;-20.17333332;-44.87499999;2021-08-19;28.5;11.8;16.7
DIVINOPOLIS;A564;-20.17333332;-44.87499999;2021-08-20;28.3;10.8;17.5
DIVINOPOLIS;A564;-20.17333332;-44.87499999;2021-08-21;29.7;9.5;20.2
DIVINOPOLIS;A564;-20.17333332;-44.87499999;2021-08-22;29;10.5;18.5
DIVINOPOLIS;A564;-20.17333332;-44.87499999;2021-08-23;30.1;10.6;19.5
DIVINOPOLIS;A564;-20.17333332;-44.87499999;2021-08-24;31.3;10.6;20.7
DIVINOPOLIS;A564;-20.17333332;-44.87499999;2021-08-25;30.7;11.5;19.2
DIVINOPOLIS;A564;-20.17333332;-44.87499999;2021-08-26;31.3;11;20.3
DIVINOPOLIS;A564;-20.17333332;-44.87499999;2021-08-27;31.5;13.5;18
DIVINOPOLIS;A564;-20.17333332;-44.87499999;2021-08-28;28.1;17.5;10.6
DIVINOPOLIS;A564;-20.17333332;-44.87499999;2021-08-29;25.9;15;10.9
DIVINOPOLIS;A564;-20.17333332;-44.87499999;2021-08-30;26.9;15.4;11.5
DIVINOPOLIS;A564;-20.17333332;-44.87499999;2021-08-31;24.4;15.4;9
DIVINOPOLIS;A564;-20.17333332;-44.87499999;2021-09-01;26.1;13.3;12.8
DIVINOPOLIS;A564;-20.17333332;-44.87499999;2021-09-02;27.5;13.2;14.3
DIVINOPOLIS;A564;-20.17333332;-44.87499999;2021-09-03;30.1;12.4;17.7
DIVINOPOLIS;A564;-20.17333332;-44.87499999;2021-09-04;32;13.6;18.4
DIVINOPOLIS;A564;-20.17333332;-44.87499999;2021-09-05;33.4;14;19.4
DIVINOPOLIS;A564;-20.17333332;-44.87499999;2021-09-06;35.1;14.4;20.7
DIVINOPOLIS;A564;-20.17333332;-44.87499999;2021-09-07;34.7;18.2;16.5
DIVINOPOLIS;A564;-20.17333332;-44.87499999;2021-09-08;33.9;16.5;17.4
DIVINOPOLIS;A564;-20.17333332;-44.87499999;2021-09-09;34.4;17.5;16.9
DIVINOPOLIS;A564;-20.17333332;-44.87499999;2021-09-10;34;18.4;15.6
DIVINOPOLIS;A564;-20.17333332;-44.87499999;2021-09-11;32.7;20.9;11.8
DIVINOPOLIS;A564;-20.17333332;-44.87499999;2021-09-12;34;18.7;15.3
DIVINOPOLIS;A564;-20.17333332;-44.87499999;2021-09-13;34.3;18.2;16.1
DIVINOPOLIS;A564;-20.17333332;-44.87499999;2021-09-14;34.8;16;18.8
DIVINOPOLIS;A564;-20.17333332;-44.87499999;2021-09-15;35.8;16.5;19.3
DIVINOPOLIS;A564;-20.17333332;-44.87499999;2021-09-16;33.2;21.1;12.1
DIVINOPOLIS;A564;-20.17333332;-44.87499999;2021-09-17;31.8;18.7;13.1
DIVINOPOLIS;A564;-20.17333332;-44.87499999;2021-09-18;33.2;16.1;17.1
DIVINOPOLIS;A564;-20.17333332;-44.87499999;2021-09-19;35.6;16.4;19.2
DIVINOPOLIS;A564;-20.17333332;-44.87499999;2021-09-20;35.1;21.6;13.5
DIVINOPOLIS;A564;-20.17333332;-44.87499999;2021-09-21;36;19.3;16.7
DIVINOPOLIS;A564;-20.17333332;-44.87499999;2021-09-22;31.5;19.6;11.9
DIVINOPOLIS;A564;-20.17333332;-44.87499999;2021-09-23;29.6;13.8;15.8
DIVINOPOLIS;A564;-20.17333332;-44.87499999;2021-09-24;31.4;13.7;17.7
DIVINOPOLIS;A564;-20.17333332;-44.87499999;2021-09-25;31;18.4;12.6
DIVINOPOLIS;A564;-20.17333332;-44.87499999;2021-09-26;30.8;17.9;12.9
DIVINOPOLIS;A564;-20.17333332;-44.87499999;2021-09-27;33;16.5;16.5
DIVINOPOLIS;A564;-20.17333332;-44.87499999;2021-09-28;32.8;16.2;16.6
DIVINOPOLIS;A564;-20.17333332;-44.87499999;2021-09-29;34.3;16.5;17.8
DIVINOPOLIS;A564;-20.17333332;-44.87499999;2021-09-30;34.5;19.3;15.2
DIVINOPOLIS;A564;-20.17333332;-44.87499999;2021-10-01;35;19.5;15.5
DIVINOPOLIS;A564;-20.17333332;-44.87499999;2021-10-02;32.8;18.8;14
DIVINOPOLIS;A564;-20.17333332;-44.87499999;2021-10-03;33.2;19.8;13.4
DIVINOPOLIS;A564;-20.17333332;-44.87499999;2021-10-04;34.5;20.3;14.2
DIVINOPOLIS;A564;-20.17333332;-44.87499999;2021-10-05;33.3;19.7;13.6
DIVINOPOLIS;A564;-20.17333332;-44.87499999;2021-10-06;32.5;20.8;11.7
DIVINOPOLIS;A564;-20.17333332;-44.87499999;2021-10-07;25.1;18.1;7
DIVINOPOLIS;A564;-20.17333332;-44.87499999;2021-10-08;27.7;18.4;9.3
DIVINOPOLIS;A564;-20.17333332;-44.87499999;2021-10-09;29.8;18.1;11.7
DIVINOPOLIS;A564;-20.17333332;-44.87499999;2021-10-10;23.7;17.8;5.9
DIVINOPOLIS;A564;-20.17333332;-44.87499999;2021-10-11;21.4;18.3;3.1
DIVINOPOLIS;A564;-20.17333332;-44.87499999;2021-10-12;28.3;15;13.3
DIVINOPOLIS;A564;-20.17333332;-44.87499999;2021-10-13;29.1;15.7;13.4
DIVINOPOLIS;A564;-20.17333332;-44.87499999;2021-10-14;30.5;16.4;14.1
DIVINOPOLIS;A564;-20.17333332;-44.87499999;2021-10-15;29.5;18.5;11
DIVINOPOLIS;A564;-20.17333332;-44.87499999;2021-10-16;26.7;19.6;7.1
DIVINOPOLIS;A564;-20.17333332;-44.87499999;2021-10-17;28.4;19.9;8.5
DIVINOPOLIS;A564;-20.17333332;-44.87499999;2021-10-18;26.9;19.2;7.7
DIVINOPOLIS;A564;-20.17333332;-44.87499999;2021-10-19;26.9;18.2;8.7
DIVINOPOLIS;A564;-20.17333332;-44.87499999;2021-10-20;21.4;16.1;5.3
DIVINOPOLIS;A564;-20.17333332;-44.87499999;2021-10-21;25.6;14.4;11.2
DIVINOPOLIS;A564;-20.17333332;-44.87499999;2021-10-22;28.6;16.1;12.5
DIVINOPOLIS;A564;-20.17333332;-44.87499999;2021-10-23;30.7;16.2;14.5
DIVINOPOLIS;A564;-20.17333332;-44.87499999;2021-10-24;27.4;19.9;7.5
DIVINOPOLIS;A564;-20.17333332;-44.87499999;2021-10-25;28.2;18;10.2
DIVINOPOLIS;A564;-20.17333332;-44.87499999;2021-10-26;28.4;18.7;9.7
DIVINOPOLIS;A564;-20.17333332;-44.87499999;2021-10-27;31.3;20;11.3
DIVINOPOLIS;A564;-20.17333332;-44.87499999;2021-10-28;30.9;21;9.9
DIVINOPOLIS;A564;-20.17333332;-44.87499999;2021-10-29;29.5;20.4;9.1
DIVINOPOLIS;A564;-20.17333332;-44.87499999;2021-10-30;29.9;18.2;11.7
DIVINOPOLIS;A564;-20.17333332;-44.87499999;2021-10-31;24.3;18.8;5.5
DIVINOPOLIS;A564;-20.17333332;-44.87499999;2021-11-01;26.3;19.2;7.1
DIVINOPOLIS;A564;-20.17333332;-44.87499999;2021-11-02;28.5;17.2;11.3
DIVINOPOLIS;A564;-20.17333332;-44.87499999;2021-11-03;30.6;17.6;13
DIVINOPOLIS;A564;-20.17333332;-44.87499999;2021-11-04;32.2;18.1;14.1
DIVINOPOLIS;A564;-20.17333332;-44.87499999;2021-11-05;31;18.5;12.5
DIVINOPOLIS;A564;-20.17333332;-44.87499999;2021-11-06;32.9;18.2;14.7
DIVINOPOLIS;A564;-20.17333332;-44.87499999;2021-11-07;32.1;19.4;12.7
DIVINOPOLIS;A564;-20.17333332;-44.87499999;2021-11-08;31.4;19.2;12.2
DIVINOPOLIS;A564;-20.17333332;-44.87499999;2021-11-09;30.8;18.8;12
DIVINOPOLIS;A564;-20.17333332;-44.87499999;2021-11-10;30.8;19.6;11.2
DIVINOPOLIS;A564;-20.17333332;-44.87499999;2021-11-11;23.3;19.1;4.2
DIVINOPOLIS;A564;-20.17333332;-44.87499999;2021-11-12;22.7;16.4;6.3
DIVINOPOLIS;A564;-20.17333332;-44.87499999;2021-11-13;24.9;14.9;10
DIVINOPOLIS;A564;-20.17333332;-44.87499999;2021-11-14;27.7;14.1;13.6
DIVINOPOLIS;A564;-20.17333332;-44.87499999;2021-11-15;28.2;15.7;12.5
DIVINOPOLIS;A564;-20.17333332;-44.87499999;2021-11-16;29.2;15.3;13.9
DIVINOPOLIS;A564;-20.17333332;-44.87499999;2021-11-17;31;16.7;14.3
DIVINOPOLIS;A564;-20.17333332;-44.87499999;2021-11-18;26.3;17.9;8.4
DIVINOPOLIS;A564;-20.17333332;-44.87499999;2021-11-19;25;19.8;5.2
DIVINOPOLIS;A564;-20.17333332;-44.87499999;2021-11-20;25.9;19.6;6.3
DIVINOPOLIS;A564;-20.17333332;-44.87499999;2021-11-21;24.3;18.3;6
DIVINOPOLIS;A564;-20.17333332;-44.87499999;2021-11-22;30.3;18.2;12.1
DIVINOPOLIS;A564;-20.17333332;-44.87499999;2021-11-23;32.7;17.1;15.6
DIVINOPOLIS;A564;-20.17333332;-44.87499999;2021-11-24;32.3;15.7;16.6
DIVINOPOLIS;A564;-20.17333332;-44.87499999;2021-11-25;32.5;17;15.5
DIVINOPOLIS;A564;-20.17333332;-44.87499999;2021-11-26;27.2;19.1;8.1
DIVINOPOLIS;A564;-20.17333332;-44.87499999;2021-11-27;27.2;18.9;8.3
DIVINOPOLIS;A564;-20.17333332;-44.87499999;2021-11-28;30.1;19.2;10.9
DIVINOPOLIS;A564;-20.17333332;-44.87499999;2021-11-29;31.5;19.1;12.4
DIVINOPOLIS;A564;-20.17333332;-44.87499999;2021-11-30;30.6;20.3;10.3
DIVINOPOLIS;A564;-20.17333332;-44.87499999;2021-12-01;30.7;19.9;10.8
DIVINOPOLIS;A564;-20.17333332;-44.87499999;2021-12-02;30.9;20.6;10.3
DIVINOPOLIS;A564;-20.17333332;-44.87499999;2021-12-03;29.8;18.1;11.7
DIVINOPOLIS;A564;-20.17333332;-44.87499999;2021-12-04;30.2;17.8;12.4
DIVINOPOLIS;A564;-20.17333332;-44.87499999;2021-12-05;30.2;18.2;12
DIVINOPOLIS;A564;-20.17333332;-44.87499999;2021-12-06;27;18.7;8.3
DIVINOPOLIS;A564;-20.17333332;-44.87499999;2021-12-07;27.4;17.5;9.9
DIVINOPOLIS;A564;-20.17333332;-44.87499999;2021-12-08;22.7;16.4;6.3
DIVINOPOLIS;A564;-20.17333332;-44.87499999;2021-12-09;28.7;14.4;14.3
DIVINOPOLIS;A564;-20.17333332;-44.87499999;2021-12-10;30.6;16.4;14.2
DIVINOPOLIS;A564;-20.17333332;-44.87499999;2021-12-11;31;17.9;13.1
DIVINOPOLIS;A564;-20.17333332;-44.87499999;2021-12-12;31.2;21.7;9.5
DIVINOPOLIS;A564;-20.17333332;-44.87499999;2021-12-13;26.7;19.7;7
DIVINOPOLIS;A564;-20.17333332;-44.87499999;2021-12-14;27.6;20.7;6.9
DIVINOPOLIS;A564;-20.17333332;-44.87499999;2021-12-15;28;20.3;7.7
DIVINOPOLIS;A564;-20.17333332;-44.87499999;2021-12-16;30.4;19.6;10.8
DIVINOPOLIS;A564;-20.17333332;-44.87499999;2021-12-17;23.8;19.5;4.3
DIVINOPOLIS;A564;-20.17333332;-44.87499999;2021-12-18;28.5;20.2;8.3
DIVINOPOLIS;A564;-20.17333332;-44.87499999;2021-12-19;26.4;19.3;7.1
DIVINOPOLIS;A564;-20.17333332;-44.87499999;2021-12-20;28.2;18;10.2
DIVINOPOLIS;A564;-20.17333332;-44.87499999;2021-12-21;30.2;18.1;12.1
DIVINOPOLIS;A564;-20.17333332;-44.87499999;2021-12-22;32.5;18.9;13.6
DIVINOPOLIS;A564;-20.17333332;-44.87499999;2021-12-23;28.5;21;7.5
DIVINOPOLIS;A564;-20.17333332;-44.87499999;2021-12-24;27.9;17.8;10.1
DIVINOPOLIS;A564;-20.17333332;-44.87499999;2021-12-25;29.1;17.6;11.5
DIVINOPOLIS;A564;-20.17333332;-44.87499999;2021-12-26;29.8;16.3;13.5
DIVINOPOLIS;A564;-20.17333332;-44.87499999;2021-12-27;31.1;17.5;13.6
DIVINOPOLIS;A564;-20.17333332;-44.87499999;2021-12-28;31.1;21.2;9.9
DIVINOPOLIS;A564;-20.17333332;-44.87499999;2021-12-29;29.1;19.7;9.4
DIVINOPOLIS;A564;-20.17333332;-44.87499999;2021-12-30;24.2;19.2;5
DIVINOPOLIS;A564;-20.17333332;-44.87499999;2021-12-31;22;16.4;5.6
DIVINOPOLIS;A564;-20.17333332;-44.87499999;2022-01-01;25.6;17.7;7.9
DIVINOPOLIS;A564;-20.17333332;-44.87499999;2022-01-02;28.8;19.6;9.2
DIVINOPOLIS;A564;-20.17333332;-44.87499999;2022-01-03;27.3;19.7;7.6
DIVINOPOLIS;A564;-20.17333332;-44.87499999;2022-01-04;27.8;20.1;7.7
DIVINOPOLIS;A564;-20.17333332;-44.87499999;2022-01-05;27;20.3;6.7
DIVINOPOLIS;A564;-20.17333332;-44.87499999;2022-01-06;27.2;20.5;6.7
DIVINOPOLIS;A564;-20.17333332;-44.87499999;2022-01-07;23.3;19.8;3.5
DIVINOPOLIS;A564;-20.17333332;-44.87499999;2022-01-08;22.4;18.8;3.6
DIVINOPOLIS;A564;-20.17333332;-44.87499999;2022-01-09;21.1;18.9;2.2
DIVINOPOLIS;A564;-20.17333332;-44.87499999;2022-01-10;24.1;19.2;4.9
DIVINOPOLIS;A564;-20.17333332;-44.87499999;2022-01-11;23.7;19.2;4.5
DIVINOPOLIS;A564;-20.17333332;-44.87499999;2022-01-12;29.8;19.5;10.3
DIVINOPOLIS;A564;-20.17333332;-44.87499999;2022-01-13;31;20;11
DIVINOPOLIS;A564;-20.17333332;-44.87499999;2022-01-14;33.7;19.2;14.5
DIVINOPOLIS;A564;-20.17333332;-44.87499999;2022-01-15;31.6;18.3;13.3
DIVINOPOLIS;A564;-20.17333332;-44.87499999;2022-01-16;28.8;19.2;9.6
DIVINOPOLIS;A564;-20.17333332;-44.87499999;2022-01-17;31.2;19.1;12.1
DIVINOPOLIS;A564;-20.17333332;-44.87499999;2022-01-18;30;19.5;10.5
DIVINOPOLIS;A564;-20.17333332;-44.87499999;2022-01-19;31.9;18.5;13.4
DIVINOPOLIS;A564;-20.17333332;-44.87499999;2022-01-20;31.6;17.9;13.7
DIVINOPOLIS;A564;-20.17333332;-44.87499999;2022-01-21;32.3;18.6;13.7
DIVINOPOLIS;A564;-20.17333332;-44.87499999;2022-01-22;31.8;18.7;13.1
DIVINOPOLIS;A564;-20.17333332;-44.87499999;2022-01-23;31.8;18.8;13
DIVINOPOLIS;A564;-20.17333332;-44.87499999;2022-01-24;32;18.8;13.2
DIVINOPOLIS;A564;-20.17333332;-44.87499999;2022-01-25;30.7;18.4;12.3
DIVINOPOLIS;A564;-20.17333332;-44.87499999;2022-01-26;31;18.4;12.6
DIVINOPOLIS;A564;-20.17333332;-44.87499999;2022-01-27;30.3;20.3;10
DIVINOPOLIS;A564;-20.17333332;-44.87499999;2022-01-28;30.8;19.8;11
DIVINOPOLIS;A564;-20.17333332;-44.87499999;2022-01-29;29.2;20.6;8.6
DIVINOPOLIS;A564;-20.17333332;-44.87499999;2022-01-30;28;19.6;8.4
DIVINOPOLIS;A564;-20.17333332;-44.87499999;2022-01-31;25.9;19.4;6.5
DIVINOPOLIS;A564;-20.17333332;-44.87499999;2022-02-01;30.3;19.4;10.9
DIVINOPOLIS;A564;-20.17333332;-44.87499999;2022-02-02;28.1;19.9;8.2
DIVINOPOLIS;A564;-20.17333332;-44.87499999;2022-02-03;28.4;20.5;7.9
DIVINOPOLIS;A564;-20.17333332;-44.87499999;2022-02-04;28.9;19.5;9.4
DIVINOPOLIS;A564;-20.17333332;-44.87499999;2022-02-05;30.2;20.8;9.4
DIVINOPOLIS;A564;-20.17333332;-44.87499999;2022-02-06;23.5;19.6;3.9
DIVINOPOLIS;A564;-20.17333332;-44.87499999;2022-02-07;26.4;20.3;6.1
DIVINOPOLIS;A564;-20.17333332;-44.87499999;2022-02-08;28;19.6;8.4
DIVINOPOLIS;A564;-20.17333332;-44.87499999;2022-02-09;25.9;19;6.9
DIVINOPOLIS;A564;-20.17333332;-44.87499999;2022-02-10;28.7;20.1;8.6
DIVINOPOLIS;A564;-20.17333332;-44.87499999;2022-02-11;27.9;18.9;9
DIVINOPOLIS;A564;-20.17333332;-44.87499999;2022-02-12;26;19.2;6.8
DIVINOPOLIS;A564;-20.17333332;-44.87499999;2022-02-13;28.4;19.2;9.2
DIVINOPOLIS;A564;-20.17333332;-44.87499999;2022-02-14;30;20.2;9.8
DIVINOPOLIS;A564;-20.17333332;-44.87499999;2022-02-15;28.5;20.6;7.9
DIVINOPOLIS;A564;-20.17333332;-44.87499999;2022-02-16;31.4;18.2;13.2
DIVINOPOLIS;A564;-20.17333332;-44.87499999;2022-02-17;29.6;18.1;11.5
DIVINOPOLIS;A564;-20.17333332;-44.87499999;2022-02-18;27.4;19.1;8.3
DIVINOPOLIS;A564;-20.17333332;-44.87499999;2022-02-19;28.8;19.5;9.3
DIVINOPOLIS;A564;-20.17333332;-44.87499999;2022-02-20;24.3;19;5.3
DIVINOPOLIS;A564;-20.17333332;-44.87499999;2022-02-21;27.7;19.8;7.9
DIVINOPOLIS;A564;-20.17333332;-44.87499999;2022-02-22;30.3;18.1;12.2
DIVINOPOLIS;A564;-20.17333332;-44.87499999;2022-02-23;32.1;18.2;13.9
DIVINOPOLIS;A564;-20.17333332;-44.87499999;2022-02-24;32.3;18.1;14.2
DIVINOPOLIS;A564;-20.17333332;-44.87499999;2022-02-25;31.8;19.9;11.9
DIVINOPOLIS;A564;-20.17333332;-44.87499999;2022-02-26;31.8;18.6;13.2
DIVINOPOLIS;A564;-20.17333332;-44.87499999;2022-02-27;31;18.9;12.1
DIVINOPOLIS;A564;-20.17333332;-44.87499999;2022-02-28;31.5;19.7;11.8
DIVINOPOLIS;A564;-20.17333332;-44.87499999;2022-03-01;31.5;19.2;12.3
DIVINOPOLIS;A564;-20.17333332;-44.87499999;2022-03-02;31.6;17;14.6
DIVINOPOLIS;A564;-20.17333332;-44.87499999;2022-03-03;31.4;17.3;14.1
DIVINOPOLIS;A564;-20.17333332;-44.87499999;2022-03-04;32;17.4;14.6
DIVINOPOLIS;A564;-20.17333332;-44.87499999;2022-03-05;32;18.2;13.8
DIVINOPOLIS;A564;-20.17333332;-44.87499999;2022-03-06;31.1;18.3;12.8
DIVINOPOLIS;A564;-20.17333332;-44.87499999;2022-03-07;31.7;16.3;15.4
DIVINOPOLIS;A564;-20.17333332;-44.87499999;2022-03-08;32.4;17.6;14.8
DIVINOPOLIS;A564;-20.17333332;-44.87499999;2022-03-09;31.9;16.6;15.3
DIVINOPOLIS;A564;-20.17333332;-44.87499999;2022-03-10;31.6;17.7;13.9
DIVINOPOLIS;A564;-20.17333332;-44.87499999;2022-03-11;32.6;17.1;15.5
DIVINOPOLIS;A564;-20.17333332;-44.87499999;2022-03-12;30.4;19.4;11
DIVINOPOLIS;A564;-20.17333332;-44.87499999;2022-03-13;30.9;20.1;10.8
DIVINOPOLIS;A564;-20.17333332;-44.87499999;2022-03-14;29.6;20.1;9.5
DIVINOPOLIS;A564;-20.17333332;-44.87499999;2022-03-15;32.5;19.5;13
DIVINOPOLIS;A564;-20.17333332;-44.87499999;2022-03-16;32.2;19;13.2
DIVINOPOLIS;A564;-20.17333332;-44.87499999;2022-03-17;32;18.6;13.4
DIVINOPOLIS;A564;-20.17333332;-44.87499999;2022-03-18;33.1;19.4;13.7
DIVINOPOLIS;A564;-20.17333332;-44.87499999;2022-03-19;32.3;20;12.3
DIVINOPOLIS;A564;-20.17333332;-44.87499999;2022-03-20;32.5;16.8;15.7
DIVINOPOLIS;A564;-20.17333332;-44.87499999;2022-03-21;26.6;18;8.6
DIVINOPOLIS;A564;-20.17333332;-44.87499999;2022-03-22;29.2;14.8;14.4
DIVINOPOLIS;A564;-20.17333332;-44.87499999;2022-03-23;30.6;16.6;14
DIVINOPOLIS;A564;-20.17333332;-44.87499999;2022-03-24;30.9;15.9;15
DIVINOPOLIS;A564;-20.17333332;-44.87499999;2022-03-25;31.7;17;14.7
DIVINOPOLIS;A564;-20.17333332;-44.87499999;2022-03-26;33.2;17;16.2
DIVINOPOLIS;A564;-20.17333332;-44.87499999;2022-03-27;34.4;18.7;15.7
DIVINOPOLIS;A564;-20.17333332;-44.87499999;2022-03-28;33.6;20.6;13
DIVINOPOLIS;A564;-20.17333332;-44.87499999;2022-03-29;31.2;18.4;12.8
DIVINOPOLIS;A564;-20.17333332;-44.87499999;2022-03-30;31.8;18.4;13.4
DIVINOPOLIS;A564;-20.17333332;-44.87499999;2022-03-31;33;18.4;14.6
DIVINOPOLIS;A564;-20.17333332;-44.87499999;2022-04-01;29.6;19;10.6
DIVINOPOLIS;A564;-20.17333332;-44.87499999;2022-04-02;29.9;18.7;11.2
DIVINOPOLIS;A564;-20.17333332;-44.87499999;2022-04-03;28.8;19.8;9
DIVINOPOLIS;A564;-20.17333332;-44.87499999;2022-04-04;29.3;19.3;10
DIVINOPOLIS;A564;-20.17333332;-44.87499999;2022-04-05;31.5;18.6;12.9
DIVINOPOLIS;A564;-20.17333332;-44.87499999;2022-04-06;31.1;19.6;11.5
DIVINOPOLIS;A564;-20.17333332;-44.87499999;2022-04-07;31.7;19.1;12.6
DIVINOPOLIS;A564;-20.17333332;-44.87499999;2022-04-08;31;19.3;11.7
DIVINOPOLIS;A564;-20.17333332;-44.87499999;2022-04-09;28.4;19.7;8.7
DIVINOPOLIS;A564;-20.17333332;-44.87499999;2022-04-10;30.5;17.6;12.9
DIVINOPOLIS;A564;-20.17333332;-44.87499999;2022-04-11;30.8;18;12.8
DIVINOPOLIS;A564;-20.17333332;-44.87499999;2022-04-12;29.5;18.1;11.4
DIVINOPOLIS;A564;-20.17333332;-44.87499999;2022-04-13;31.3;19.4;11.9
DIVINOPOLIS;A564;-20.17333332;-44.87499999;2022-04-14;30.7;19.9;10.8
DIVINOPOLIS;A564;-20.17333332;-44.87499999;2022-04-15;27.6;19;8.6
DIVINOPOLIS;A564;-20.17333332;-44.87499999;2022-04-16;26.5;15.1;11.4
DIVINOPOLIS;A564;-20.17333332;-44.87499999;2022-04-17;27.4;12.6;14.8
DIVINOPOLIS;A564;-20.17333332;-44.87499999;2022-04-18;27.6;13.9;13.7
DIVINOPOLIS;A564;-20.17333332;-44.87499999;2022-04-19;27.9;13.2;14.7
DIVINOPOLIS;A564;-20.17333332;-44.87499999;2022-04-20;29;13.9;15.1
DIVINOPOLIS;A564;-20.17333332;-44.87499999;2022-04-21;29.3;14.1;15.2
DIVINOPOLIS;A564;-20.17333332;-44.87499999;2022-04-22;29.6;14.5;15.1
DIVINOPOLIS;A564;-20.17333332;-44.87499999;2022-04-23;30.8;14;16.8
DIVINOPOLIS;A564;-20.17333332;-44.87499999;2022-04-24;31.2;15;16.2
DIVINOPOLIS;A564;-20.17333332;-44.87499999;2022-04-25;28.4;19.3;9.1
DIVINOPOLIS;A564;-20.17333332;-44.87499999;2022-04-26;29.9;16.7;13.2
DIVINOPOLIS;A564;-20.17333332;-44.87499999;2022-04-27;29;15.2;13.8
DIVINOPOLIS;A564;-20.17333332;-44.87499999;2022-04-28;29.7;13.4;16.3
DIVINOPOLIS;A564;-20.17333332;-44.87499999;2022-04-29;30.7;15.4;15.3
DIVINOPOLIS;A564;-20.17333332;-44.87499999;2022-04-30;27.1;15.7;11.4
DIVINOPOLIS;A564;-20.17333332;-44.87499999;2022-05-01;28.8;14.4;14.4
DIVINOPOLIS;A564;-20.17333332;-44.87499999;2022-05-02;29.5;12.7;16.8
DIVINOPOLIS;A564;-20.17333332;-44.87499999;2022-05-03;29.8;13.5;16.3
DIVINOPOLIS;A564;-20.17333332;-44.87499999;2022-05-04;29.3;15.3;14
DIVINOPOLIS;A564;-20.17333332;-44.87499999;2022-05-05;25.5;17.9;7.6
DIVINOPOLIS;A564;-20.17333332;-44.87499999;2022-05-06;29.5;15.3;14.2
DIVINOPOLIS;A564;-20.17333332;-44.87499999;2022-05-07;28.5;15.3;13.2
DIVINOPOLIS;A564;-20.17333332;-44.87499999;2022-05-08;27.7;15.8;11.9
DIVINOPOLIS;A564;-20.17333332;-44.87499999;2022-05-09;26;14.2;11.8
DIVINOPOLIS;A564;-20.17333332;-44.87499999;2022-05-10;26.1;11.2;14.9
DIVINOPOLIS;A564;-20.17333332;-44.87499999;2022-05-11;27.3;9.8;17.5
DIVINOPOLIS;A564;-20.17333332;-44.87499999;2022-05-12;27.5;15.7;11.8
DIVINOPOLIS;A564;-20.17333332;-44.87499999;2022-05-13;29.4;13.6;15.8
DIVINOPOLIS;A564;-20.17333332;-44.87499999;2022-05-14;28.5;14.4;14.1
DIVINOPOLIS;A564;-20.17333332;-44.87499999;2022-05-15;22.7;15;7.7
DIVINOPOLIS;A564;-20.17333332;-44.87499999;2022-05-16;26;16.3;9.7
DIVINOPOLIS;A564;-20.17333332;-44.87499999;2022-05-17;23;15.2;7.8
DIVINOPOLIS;A564;-20.17333332;-44.87499999;2022-05-18;17.5;8.2;9.3
DIVINOPOLIS;A564;-20.17333332;-44.87499999;2022-05-19;18.6;7;11.6
DIVINOPOLIS;A564;-20.17333332;-44.87499999;2022-05-20;21.6;4.6;17
DIVINOPOLIS;A564;-20.17333332;-44.87499999;2022-05-21;23.4;5.8;17.6
DIVINOPOLIS;A564;-20.17333332;-44.87499999;2022-05-22;24.7;6.6;18.1
DIVINOPOLIS;A564;-20.17333332;-44.87499999;2022-05-23;25.3;7;18.3
DIVINOPOLIS;A564;-20.17333332;-44.87499999;2022-05-24;25.6;8.5;17.1
DIVINOPOLIS;A564;-20.17333332;-44.87499999;2022-05-25;23.3;9.8;13.5
DIVINOPOLIS;A564;-20.17333332;-44.87499999;2022-05-26;25.2;12;13.2
DIVINOPOLIS;A564;-20.17333332;-44.87499999;2022-05-27;24.5;9.8;14.7
DIVINOPOLIS;A564;-20.17333332;-44.87499999;2022-05-28;25.1;8.9;16.2
DIVINOPOLIS;A564;-20.17333332;-44.87499999;2022-05-29;27.1;8.7;18.4
DIVINOPOLIS;A564;-20.17333332;-44.87499999;2022-05-30;28.5;10.5;18
DIVINOPOLIS;A564;-20.17333332;-44.87499999;2022-05-31;28.9;11.3;17.6
DIVINOPOLIS;A564;-20.17333332;-44.87499999;2022-06-01;28.8;13.8;15
DIVINOPOLIS;A564;-20.17333332;-44.87499999;2022-06-02;28.4;13.5;14.9
DIVINOPOLIS;A564;-20.17333332;-44.87499999;2022-06-03;29.2;12.3;16.9
DIVINOPOLIS;A564;-20.17333332;-44.87499999;2022-06-04;25.4;14.7;10.7
DIVINOPOLIS;A564;-20.17333332;-44.87499999;2022-06-05;25.4;12.5;12.9
DIVINOPOLIS;A564;-20.17333332;-44.87499999;2022-06-06;24.7;8.1;16.6
DIVINOPOLIS;A564;-20.17333332;-44.87499999;2022-06-07;26.3;9.6;16.7
DIVINOPOLIS;A564;-20.17333332;-44.87499999;2022-06-08;25.7;10.1;15.6
DIVINOPOLIS;A564;-20.17333332;-44.87499999;2022-06-09;28.1;14.2;13.9
DIVINOPOLIS;A564;-20.17333332;-44.87499999;2022-06-10;27.6;16.7;10.9
DIVINOPOLIS;A564;-20.17333332;-44.87499999;2022-06-11;24.8;16.1;8.7
DIVINOPOLIS;A564;-20.17333332;-44.87499999;2022-06-12;25.1;16.4;8.7
DIVINOPOLIS;A564;-20.17333332;-44.87499999;2022-06-13;24.7;9.9;14.8
DIVINOPOLIS;A564;-20.17333332;-44.87499999;2022-06-14;24.7;6.7;18
DIVINOPOLIS;A564;-20.17333332;-44.87499999;2022-06-15;25.2;8.1;17.1
DIVINOPOLIS;A564;-20.17333332;-44.87499999;2022-06-16;25.4;8.7;16.7
DIVINOPOLIS;A564;-20.17333332;-44.87499999;2022-06-17;27;8.2;18.8
DIVINOPOLIS;A564;-20.17333332;-44.87499999;2022-06-18;24.8;7.8;17
DIVINOPOLIS;A564;-20.17333332;-44.87499999;2022-06-19;26.7;11;15.7
DIVINOPOLIS;A564;-20.17333332;-44.87499999;2022-06-20;26.9;10.9;16
DIVINOPOLIS;A564;-20.17333332;-44.87499999;2022-06-21;27.3;10.6;16.7
DIVINOPOLIS;A564;-20.17333332;-44.87499999;2022-06-22;26.5;9.1;17.4
DIVINOPOLIS;A564;-20.17333332;-44.87499999;2022-06-23;26.6;8.4;18.2
DIVINOPOLIS;A564;-20.17333332;-44.87499999;2022-06-24;26.8;8;18.8
DIVINOPOLIS;A564;-20.17333332;-44.87499999;2022-06-25;27.5;6.9;20.6
DIVINOPOLIS;A564;-20.17333332;-44.87499999;2022-06-26;25.7;9.9;15.8
DIVINOPOLIS;A564;-20.17333332;-44.87499999;2022-06-27;24.5;12.2;12.3
DIVINOPOLIS;A564;-20.17333332;-44.87499999;2022-06-28;24;7.2;16.8
DIVINOPOLIS;A564;-20.17333332;-44.87499999;2022-06-29;26.9;8.1;18.8
DIVINOPOLIS;A564;-20.17333332;-44.87499999;2022-06-30;27.6;11;16.6
DIVINOPOLIS;A564;-20.17333332;-44.87499999;2022-07-01;27;10.1;16.9
DIVINOPOLIS;A564;-20.17333332;-44.87499999;2022-07-02;26.5;10;16.5
DIVINOPOLIS;A564;-20.17333332;-44.87499999;2022-07-03;27.5;10.4;17.1
DIVINOPOLIS;A564;-20.17333332;-44.87499999;2022-07-04;25.7;8.9;16.8
DIVINOPOLIS;A564;-20.17333332;-44.87499999;2022-07-05;25.8;9;16.8
DIVINOPOLIS;A564;-20.17333332;-44.87499999;2022-07-06;25.9;9.6;16.3
DIVINOPOLIS;A564;-20.17333332;-44.87499999;2022-07-07;25.9;8.9;17
DIVINOPOLIS;A564;-20.17333332;-44.87499999;2022-07-08;26.1;7.9;18.2
DIVINOPOLIS;A564;-20.17333332;-44.87499999;2022-07-09;23.3;9.2;14.1
DIVINOPOLIS;A564;-20.17333332;-44.87499999;2022-07-10;24.9;11.1;13.8
DIVINOPOLIS;A564;-20.17333332;-44.87499999;2022-07-11;25.3;10.3;15
DIVINOPOLIS;A564;-20.17333332;-44.87499999;2022-07-12;26.7;8.9;17.8
DIVINOPOLIS;A564;-20.17333332;-44.87499999;2022-07-13;27.9;9.3;18.6
DIVINOPOLIS;A564;-20.17333332;-44.87499999;2022-07-14;25.6;14;11.6
DIVINOPOLIS;A564;-20.17333332;-44.87499999;2022-07-15;26.9;10;16.9
DIVINOPOLIS;A564;-20.17333332;-44.87499999;2022-07-16;27.5;10.7;16.8
DIVINOPOLIS;A564;-20.17333332;-44.87499999;2022-07-17;28.2;10.4;17.8
DIVINOPOLIS;A564;-20.17333332;-44.87499999;2022-07-18;29.5;10.4;19.1
DIVINOPOLIS;A564;-20.17333332;-44.87499999;2022-07-19;27.9;10.6;17.3
DIVINOPOLIS;A564;-20.17333332;-44.87499999;2022-07-20;26.8;9.1;17.7
DIVINOPOLIS;A564;-20.17333332;-44.87499999;2022-07-21;26.7;10;16.7
DIVINOPOLIS;A564;-20.17333332;-44.87499999;2022-07-22;26.7;10.2;16.5
DIVINOPOLIS;A564;-20.17333332;-44.87499999;2022-07-23;26.9;8.8;18.1
DIVINOPOLIS;A564;-20.17333332;-44.87499999;2022-07-24;27.7;9.3;18.4
DIVINOPOLIS;A564;-20.17333332;-44.87499999;2022-07-25;27;9.6;17.4
DIVINOPOLIS;A564;-20.17333332;-44.87499999;2022-07-26;27;9.4;17.6
DIVINOPOLIS;A564;-20.17333332;-44.87499999;2022-07-27;26.1;10;16.1
DIVINOPOLIS;A564;-20.17333332;-44.87499999;2022-07-28;26.7;9;17.7
DIVINOPOLIS;A564;-20.17333332;-44.87499999;2022-07-29;29.4;9.9;19.5
DIVINOPOLIS;A564;-20.17333332;-44.87499999;2022-07-30;29.6;13.1;16.5
DIVINOPOLIS;A564;-20.17333332;-44.87499999;2022-07-31;28.2;11.5;16.7
DIVINOPOLIS;A564;-20.17333332;-44.87499999;2022-08-01;28.2;11.7;16.5
DIVINOPOLIS;A564;-20.17333332;-44.87499999;2022-08-02;29.8;12.7;17.1
DIVINOPOLIS;A564;-20.17333332;-44.87499999;2022-08-03;28.8;11.5;17.3
DIVINOPOLIS;A564;-20.17333332;-44.87499999;2022-08-04;28.1;11;17.1
DIVINOPOLIS;A564;-20.17333332;-44.87499999;2022-08-05;31.4;11.6;19.8
DIVINOPOLIS;A564;-20.17333332;-44.87499999;2022-08-06;31.4;12.6;18.8
DIVINOPOLIS;A564;-20.17333332;-44.87499999;2022-08-07;30.8;13.1;17.7
DIVINOPOLIS;A564;-20.17333332;-44.87499999;2022-08-08;26.7;14.6;12.1
DIVINOPOLIS;A564;-20.17333332;-44.87499999;2022-08-09;27.7;12.9;14.8
DIVINOPOLIS;A564;-20.17333332;-44.87499999;2022-08-10;24;17;7
DIVINOPOLIS;A564;-20.17333332;-44.87499999;2022-08-11;23;6.8;16.2
DIVINOPOLIS;A564;-20.17333332;-44.87499999;2022-08-12;25.1;9.4;15.7
DIVINOPOLIS;A564;-20.17333332;-44.87499999;2022-08-13;27.2;8.8;18.4
DIVINOPOLIS;A564;-20.17333332;-44.87499999;2022-08-14;27.1;9.1;18
DIVINOPOLIS;A564;-20.17333332;-44.87499999;2022-08-15;26.4;8.6;17.8
DIVINOPOLIS;A564;-20.17333332;-44.87499999;2022-08-16;30;8.8;21.2
DIVINOPOLIS;A564;-20.17333332;-44.87499999;2022-08-17;31.7;11.9;19.8
DIVINOPOLIS;A564;-20.17333332;-44.87499999;2022-08-18;30.2;14.2;16
DIVINOPOLIS;A564;-20.17333332;-44.87499999;2022-08-19;30.2;12.1;18.1
DIVINOPOLIS;A564;-20.17333332;-44.87499999;2022-08-20;23.3;13.8;9.5
DIVINOPOLIS;A564;-20.17333332;-44.87499999;2022-08-21;24.2;11.7;12.5
DIVINOPOLIS;A564;-20.17333332;-44.87499999;2022-08-22;25.7;7.5;18.2
DIVINOPOLIS;A564;-20.17333332;-44.87499999;2022-08-23;27.1;10.2;16.9
DIVINOPOLIS;A564;-20.17333332;-44.87499999;2022-08-24;27.3;11.4;15.9
DIVINOPOLIS;A564;-20.17333332;-44.87499999;2022-08-25;26.7;15.6;11.1
DIVINOPOLIS;A564;-20.17333332;-44.87499999;2022-08-26;28;13.5;14.5
DIVINOPOLIS;A564;-20.17333332;-44.87499999;2022-08-27;29.8;13.6;16.2
DIVINOPOLIS;A564;-20.17333332;-44.87499999;2022-08-28;30.9;15.3;15.6
DIVINOPOLIS;A564;-20.17333332;-44.87499999;2022-08-29;28;14;14
DIVINOPOLIS;A564;-20.17333332;-44.87499999;2022-08-30;22.6;12.9;9.7
DIVINOPOLIS;A564;-20.17333332;-44.87499999;2022-08-31;24.8;10;14.8
DIVINOPOLIS;A564;-20.17333332;-44.87499999;2022-09-01;25.6;6.8;18.8
DIVINOPOLIS;A564;-20.17333332;-44.87499999;2022-09-02;27.3;8.4;18.9
DIVINOPOLIS;A564;-20.17333332;-44.87499999;2022-09-03;30.7;9.8;20.9
DIVINOPOLIS;A564;-20.17333332;-44.87499999;2022-09-04;31.5;12.9;18.6
DIVINOPOLIS;A564;-20.17333332;-44.87499999;2022-09-05;27;14.6;12.4
DIVINOPOLIS;A564;-20.17333332;-44.87499999;2022-09-06;26.2;13.7;12.5
DIVINOPOLIS;A564;-20.17333332;-44.87499999;2022-09-07;26.3;11.7;14.6
DIVINOPOLIS;A564;-20.17333332;-44.87499999;2022-09-08;30.2;10.5;19.7
DIVINOPOLIS;A564;-20.17333332;-44.87499999;2022-09-09;32.3;13.4;18.9
DIVINOPOLIS;A564;-20.17333332;-44.87499999;2022-09-10;33.7;14.2;19.5
DIVINOPOLIS;A564;-20.17333332;-44.87499999;2022-09-11;34.8;15.8;19
DIVINOPOLIS;A564;-20.17333332;-44.87499999;2022-09-12;32.2;17.2;15
DIVINOPOLIS;A564;-20.17333332;-44.87499999;2022-09-13;33.5;16.2;17.3
DIVINOPOLIS;A564;-20.17333332;-44.87499999;2022-09-14;34.9;16;18.9
DIVINOPOLIS;A564;-20.17333332;-44.87499999;2022-09-15;27;17.3;9.7
DIVINOPOLIS;A564;-20.17333332;-44.87499999;2022-09-16;27.4;18.7;8.7
DIVINOPOLIS;A564;-20.17333332;-44.87499999;2022-09-17;20;16;4
DIVINOPOLIS;A564;-20.17333332;-44.87499999;2022-09-18;26.3;14.6;11.7
DIVINOPOLIS;A564;-20.17333332;-44.87499999;2022-09-19;31.8;12.6;19.2
DIVINOPOLIS;A564;-20.17333332;-44.87499999;2022-09-20;29.2;14.8;14.4
DIVINOPOLIS;A564;-20.17333332;-44.87499999;2022-09-21;32.9;18.7;14.2
DIVINOPOLIS;A564;-20.17333332;-44.87499999;2022-09-22;28.4;19.6;8.8
DIVINOPOLIS;A564;-20.17333332;-44.87499999;2022-09-23;29.9;18.8;11.1
DIVINOPOLIS;A564;-20.17333332;-44.87499999;2022-09-24;31.4;11.6;19.8
DIVINOPOLIS;A564;-20.17333332;-44.87499999;2022-09-25;31.7;15.9;15.8
DIVINOPOLIS;A564;-20.17333332;-44.87499999;2022-09-26;32;18.1;13.9
DIVINOPOLIS;A564;-20.17333332;-44.87499999;2022-09-27;27.2;18.4;8.8
DIVINOPOLIS;A564;-20.17333332;-44.87499999;2022-09-28;26.5;18.4;8.1
DIVINOPOLIS;A564;-20.17333332;-44.87499999;2022-09-29;26.6;17.8;8.8
DIVINOPOLIS;A564;-20.17333332;-44.87499999;2022-09-30;28.2;16.8;11.4
DIVINOPOLIS;A564;-20.17333332;-44.87499999;2022-10-01;29;17.4;11.6
DIVINOPOLIS;A564;-20.17333332;-44.87499999;2022-10-02;32.7;17.5;15.2
DIVINOPOLIS;A564;-20.17333332;-44.87499999;2022-10-03;30.4;17.9;12.5
DIVINOPOLIS;A564;-20.17333332;-44.87499999;2022-10-04;29.6;17.6;12
DIVINOPOLIS;A564;-20.17333332;-44.87499999;2022-10-05;31.1;16.5;14.6
DIVINOPOLIS;A564;-20.17333332;-44.87499999;2022-10-06;30.3;19.2;11.1
DIVINOPOLIS;A564;-20.17333332;-44.87499999;2022-10-07;22.8;18.9;3.9
DIVINOPOLIS;A564;-20.17333332;-44.87499999;2022-10-08;29.3;18.2;11.1
DIVINOPOLIS;A564;-20.17333332;-44.87499999;2022-10-09;27.4;19.3;8.1
DIVINOPOLIS;A564;-20.17333332;-44.87499999;2022-10-10;33.1;18.9;14.2
DIVINOPOLIS;A564;-20.17333332;-44.87499999;2022-10-11;33.5;17.5;16
DIVINOPOLIS;A564;-20.17333332;-44.87499999;2022-10-12;33.6;15.5;18.1
DIVINOPOLIS;A564;-20.17333332;-44.87499999;2022-10-13;33.1;15.5;17.6
DIVINOPOLIS;A564;-20.17333332;-44.87499999;2022-10-14;32.8;15.1;17.7
DIVINOPOLIS;A564;-20.17333332;-44.87499999;2022-10-15;31.1;18.9;12.2
DIVINOPOLIS;A564;-20.17333332;-44.87499999;2022-10-16;30.6;16.5;14.1
DIVINOPOLIS;A564;-20.17333332;-44.87499999;2022-10-17;31;14.6;16.4
DIVINOPOLIS;A564;-20.17333332;-44.87499999;2022-10-18;31.6;18.3;13.3
DIVINOPOLIS;A564;-20.17333332;-44.87499999;2022-10-19;30.6;18.7;11.9
DIVINOPOLIS;A564;-20.17333332;-44.87499999;2022-10-20;31.4;17;14.4
DIVINOPOLIS;A564;-20.17333332;-44.87499999;2022-10-21;28.9;19.3;9.6
DIVINOPOLIS;A564;-20.17333332;-44.87499999;2022-10-22;29.3;17.7;11.6
DIVINOPOLIS;A564;-20.17333332;-44.87499999;2022-10-23;28.9;19.8;9.1
DIVINOPOLIS;A564;-20.17333332;-44.87499999;2022-10-24;31.1;17.1;14
DIVINOPOLIS;A564;-20.17333332;-44.87499999;2022-10-25;29.7;16;13.7
DIVINOPOLIS;A564;-20.17333332;-44.87499999;2022-10-26;31;17.1;13.9
DIVINOPOLIS;A564;-20.17333332;-44.87499999;2022-10-27;32.6;17.8;14.8
DIVINOPOLIS;A564;-20.17333332;-44.87499999;2022-10-28;32;19.9;12.1
DIVINOPOLIS;A564;-20.17333332;-44.87499999;2022-10-29;32.2;19.6;12.6
DIVINOPOLIS;A564;-20.17333332;-44.87499999;2022-10-30;30.7;19.2;11.5
DIVINOPOLIS;A564;-20.17333332;-44.87499999;2022-10-31;27.2;20.3;6.9
DIVINOPOLIS;A564;-20.17333332;-44.87499999;2022-11-01;29.7;18.9;10.8
DIVINOPOLIS;A564;-20.17333332;-44.87499999;2022-11-02;22.7;18.2;4.5
DIVINOPOLIS;A564;-20.17333332;-44.87499999;2022-11-03;19;14.1;4.9
DIVINOPOLIS;A564;-20.17333332;-44.87499999;2022-11-04;22.6;13.7;8.9
DIVINOPOLIS;A564;-20.17333332;-44.87499999;2022-11-05;26;10.7;15.3
DIVINOPOLIS;A564;-20.17333332;-44.87499999;2022-11-06;27.4;15.2;12.2
DIVINOPOLIS;A564;-20.17333332;-44.87499999;2022-11-07;27.2;16.4;10.8
DIVINOPOLIS;A564;-20.17333332;-44.87499999;2022-11-08;28.9;15.3;13.6
DIVINOPOLIS;A564;-20.17333332;-44.87499999;2022-11-09;26.9;16.7;10.2
DIVINOPOLIS;A564;-20.17333332;-44.87499999;2022-11-10;30.4;18.1;12.3
DIVINOPOLIS;A564;-20.17333332;-44.87499999;2022-11-11;31.2;18.8;12.4
DIVINOPOLIS;A564;-20.17333332;-44.87499999;2022-11-12;28.3;18;10.3
DIVINOPOLIS;A564;-20.17333332;-44.87499999;2022-11-13;31.4;19;12.4
DIVINOPOLIS;A564;-20.17333332;-44.87499999;2022-11-14;30.6;21.6;9
DIVINOPOLIS;A564;-20.17333332;-44.87499999;2022-11-15;27.1;20.5;6.6
DIVINOPOLIS;A564;-20.17333332;-44.87499999;2022-11-16;30.4;18.6;11.8
DIVINOPOLIS;A564;-20.17333332;-44.87499999;2022-11-17;29.6;16.7;12.9
DIVINOPOLIS;A564;-20.17333332;-44.87499999;2022-11-18;29.9;16.6;13.3
DIVINOPOLIS;A564;-20.17333332;-44.87499999;2022-11-19;24;16.9;7.1
DIVINOPOLIS;A564;-20.17333332;-44.87499999;2022-11-20;30.5;15.7;14.8
DIVINOPOLIS;A564;-20.17333332;-44.87499999;2022-11-21;29.7;15.7;14
DIVINOPOLIS;A564;-20.17333332;-44.87499999;2022-11-22;30;17.8;12.2
DIVINOPOLIS;A564;-20.17333332;-44.87499999;2022-11-23;26.1;18.2;7.9
DIVINOPOLIS;A564;-20.17333332;-44.87499999;2022-11-24;25.3;17.5;7.8
DIVINOPOLIS;A564;-20.17333332;-44.87499999;2022-11-25;29.3;15.1;14.2
DIVINOPOLIS;A564;-20.17333332;-44.87499999;2022-11-26;29.7;16.6;13.1
DIVINOPOLIS;A564;-20.17333332;-44.87499999;2022-11-27;30.5;17.3;13.2
DIVINOPOLIS;A564;-20.17333332;-44.87499999;2022-11-28;30.7;15.9;14.8
DIVINOPOLIS;A564;-20.17333332;-44.87499999;2022-11-29;30;17.3;12.7
DIVINOPOLIS;A564;-20.17333332;-44.87499999;2022-11-30;26.7;17.8;8.9
DIVINOPOLIS;A564;-20.17333332;-44.87499999;2022-12-01;28.1;18.3;9.8
DIVINOPOLIS;A564;-20.17333332;-44.87499999;2022-12-02;30.2;18.7;11.5
DIVINOPOLIS;A564;-20.17333332;-44.87499999;2022-12-03;25.6;19.1;6.5
DIVINOPOLIS;A564;-20.17333332;-44.87499999;2022-12-04;25.8;19;6.8
DIVINOPOLIS;A564;-20.17333332;-44.87499999;2022-12-05;26.7;19;7.7
DIVINOPOLIS;A564;-20.17333332;-44.87499999;2022-12-06;22.2;19.3;2.9
DIVINOPOLIS;A564;-20.17333332;-44.87499999;2022-12-07;26.6;19;7.6
DIVINOPOLIS;A564;-20.17333332;-44.87499999;2022-12-08;31;18.9;12.1
DIVINOPOLIS;A564;-20.17333332;-44.87499999;2022-12-09;32.7;16.6;16.1
DIVINOPOLIS;A564;-20.17333332;-44.87499999;2022-12-10;32.1;19.8;12.3
DIVINOPOLIS;A564;-20.17333332;-44.87499999;2022-12-11;31.9;19.1;12.8
DIVINOPOLIS;A564;-20.17333332;-44.87499999;2022-12-12;30.2;20.3;9.9
DIVINOPOLIS;A564;-20.17333332;-44.87499999;2022-12-13;28.7;19.9;8.8
DIVINOPOLIS;A564;-20.17333332;-44.87499999;2022-12-14;24.7;19.4;5.3
DIVINOPOLIS;A564;-20.17333332;-44.87499999;2022-12-15;26.4;16.8;9.6
DIVINOPOLIS;A564;-20.17333332;-44.87499999;2022-12-16;27.2;16.3;10.9
DIVINOPOLIS;A564;-20.17333332;-44.87499999;2022-12-17;28.4;19.5;8.9
DIVINOPOLIS;A564;-20.17333332;-44.87499999;2022-12-18;29.4;18.8;10.6
DIVINOPOLIS;A564;-20.17333332;-44.87499999;2022-12-19;24.1;19.9;4.2
DIVINOPOLIS;A564;-20.17333332;-44.87499999;2022-12-20;25;19.6;5.4
DIVINOPOLIS;A564;-20.17333332;-44.87499999;2022-12-21;28.6;18.8;9.8
DIVINOPOLIS;A564;-20.17333332;-44.87499999;2022-12-22;28.7;17.3;11.4
DIVINOPOLIS;A564;-20.17333332;-44.87499999;2022-12-23;28;16.5;11.5
DIVINOPOLIS;A564;-20.17333332;-44.87499999;2022-12-24;29;17.3;11.7
DIVINOPOLIS;A564;-20.17333332;-44.87499999;2022-12-25;29.4;19.3;10.1
DIVINOPOLIS;A564;-20.17333332;-44.87499999;2022-12-26;25.6;19.1;6.5
DIVINOPOLIS;A564;-20.17333332;-44.87499999;2022-12-27;28.8;18.8;10
DIVINOPOLIS;A564;-20.17333332;-44.87499999;2022-12-28;24.2;18.6;5.6
DIVINOPOLIS;A564;-20.17333332;-44.87499999;2022-12-29;24.3;19.4;4.9
DIVINOPOLIS;A564;-20.17333332;-44.87499999;2022-12-30;28.5;18.9;9.6
DIVINOPOLIS;A564;-20.17333332;-44.87499999;2022-12-31;28.2;19.4;8.8
DIVINOPOLIS;A564;-20.17333332;-44.87499999;2023-01-01;28.7;19;9.7
DIVINOPOLIS;A564;-20.17333332;-44.87499999;2023-01-02;28;18.4;9.6
DIVINOPOLIS;A564;-20.17333332;-44.87499999;2023-01-03;26.3;18.1;8.2
DIVINOPOLIS;A564;-20.17333332;-44.87499999;2023-01-04;26.2;19.5;6.7
DIVINOPOLIS;A564;-20.17333332;-44.87499999;2023-01-05;28.6;19.5;9.1
DIVINOPOLIS;A564;-20.17333332;-44.87499999;2023-01-06;27.1;19.7;7.4
DIVINOPOLIS;A564;-20.17333332;-44.87499999;2023-01-07;25.3;18.9;6.4
DIVINOPOLIS;A564;-20.17333332;-44.87499999;2023-01-08;22.3;19.1;3.2
DIVINOPOLIS;A564;-20.17333332;-44.87499999;2023-01-09;28.7;19.4;9.3
DIVINOPOLIS;A564;-20.17333332;-44.87499999;2023-01-10;29.6;19.7;9.9
DIVINOPOLIS;A564;-20.17333332;-44.87499999;2023-01-11;28.8;19.3;9.5
DIVINOPOLIS;A564;-20.17333332;-44.87499999;2023-01-12;28.9;19.1;9.8
DIVINOPOLIS;A564;-20.17333332;-44.87499999;2023-01-13;30.6;19.2;11.4
DIVINOPOLIS;A564;-20.17333332;-44.87499999;2023-01-14;29.5;20;9.5
DIVINOPOLIS;A564;-20.17333332;-44.87499999;2023-01-15;32.5;19.5;13
DIVINOPOLIS;A564;-20.17333332;-44.87499999;2023-01-16;31.3;19;12.3
DIVINOPOLIS;A564;-20.17333332;-44.87499999;2023-01-17;31.1;19.4;11.7
DIVINOPOLIS;A564;-20.17333332;-44.87499999;2023-01-18;31.2;18.3;12.9
DIVINOPOLIS;A564;-20.17333332;-44.87499999;2023-01-19;28.7;18.9;9.8
DIVINOPOLIS;A564;-20.17333332;-44.87499999;2023-01-20;25.4;18.2;7.2
DIVINOPOLIS;A564;-20.17333332;-44.87499999;2023-01-21;25.5;18.7;6.8
DIVINOPOLIS;A564;-20.17333332;-44.87499999;2023-01-22;29.6;19.2;10.4
DIVINOPOLIS;A564;-20.17333332;-44.87499999;2023-01-23;27.4;20;7.4
DIVINOPOLIS;A564;-20.17333332;-44.87499999;2023-01-24;27.9;20.1;7.8
DIVINOPOLIS;A564;-20.17333332;-44.87499999;2023-01-25;29.6;18.9;10.7
DIVINOPOLIS;A564;-20.17333332;-44.87499999;2023-01-26;30.9;18.5;12.4
DIVINOPOLIS;A564;-20.17333332;-44.87499999;2023-01-27;30;20;10
DIVINOPOLIS;A564;-20.17333332;-44.87499999;2023-01-28;27.5;19.1;8.4
DIVINOPOLIS;A564;-20.17333332;-44.87499999;2023-01-29;29.3;18.2;11.1
DIVINOPOLIS;A564;-20.17333332;-44.87499999;2023-01-30;27.9;18.3;9.6
DIVINOPOLIS;A564;-20.17333332;-44.87499999;2023-01-31;30.6;19.7;10.9
DIVINOPOLIS;A564;-20.17333332;-44.87499999;2023-02-01;31.2;19.8;11.4
DIVINOPOLIS;A564;-20.17333332;-44.87499999;2023-02-02;30.9;21.3;9.6
DIVINOPOLIS;A564;-20.17333332;-44.87499999;2023-02-03;32.1;19.4;12.7
DIVINOPOLIS;A564;-20.17333332;-44.87499999;2023-02-04;31.5;19.1;12.4
DIVINOPOLIS;A564;-20.17333332;-44.87499999;2023-02-05;29.7;21.3;8.4
DIVINOPOLIS;A564;-20.17333332;-44.87499999;2023-02-06;32;19.6;12.4
DIVINOPOLIS;A564;-20.17333332;-44.87499999;2023-02-07;31.1;19.9;11.2
DIVINOPOLIS;A564;-20.17333332;-44.87499999;2023-02-08;29.5;18.4;11.1
DIVINOPOLIS;A564;-20.17333332;-44.87499999;2023-02-09;30;17.7;12.3
DIVINOPOLIS;A564;-20.17333332;-44.87499999;2023-02-10;30.9;18.3;12.6
DIVINOPOLIS;A564;-20.17333332;-44.87499999;2023-02-11;29.7;19.3;10.4
DIVINOPOLIS;A564;-20.17333332;-44.87499999;2023-02-12;27.7;20.3;7.4
DIVINOPOLIS;A564;-20.17333332;-44.87499999;2023-02-13;30;17.9;12.1
DIVINOPOLIS;A564;-20.17333332;-44.87499999;2023-02-14;31.9;18.7;13.2
DIVINOPOLIS;A564;-20.17333332;-44.87499999;2023-02-15;31.6;19.7;11.9
DIVINOPOLIS;A564;-20.17333332;-44.87499999;2023-02-16;30;19;11
DIVINOPOLIS;A564;-20.17333332;-44.87499999;2023-02-17;30.4;20.3;10.1
DIVINOPOLIS;A564;-20.17333332;-44.87499999;2023-02-18;28.8;19.8;9
DIVINOPOLIS;A564;-20.17333332;-44.87499999;2023-02-19;30.1;19.2;10.9
DIVINOPOLIS;A564;-20.17333332;-44.87499999;2023-02-20;30.7;18.6;12.1
DIVINOPOLIS;A564;-20.17333332;-44.87499999;2023-02-21;30.9;17.6;13.3
DIVINOPOLIS;A564;-20.17333332;-44.87499999;2023-02-22;31.3;18.2;13.1
DIVINOPOLIS;A564;-20.17333332;-44.87499999;2023-02-23;29;18.6;10.4
DIVINOPOLIS;A564;-20.17333332;-44.87499999;2023-02-24;31.2;19.5;11.7
DIVINOPOLIS;A564;-20.17333332;-44.87499999;2023-02-25;32.2;20.1;12.1
DIVINOPOLIS;A564;-20.17333332;-44.87499999;2023-02-26;32.7;19.8;12.9
DIVINOPOLIS;A564;-20.17333332;-44.87499999;2023-02-27;32.6;20.1;12.5
DIVINOPOLIS;A564;-20.17333332;-44.87499999;2023-02-28;31.4;19.3;12.1
DIVINOPOLIS;A564;-20.17333332;-44.87499999;2023-03-01;32.1;18.1;14
DIVINOPOLIS;A564;-20.17333332;-44.87499999;2023-03-02;31.7;20.6;11.1
DIVINOPOLIS;A564;-20.17333332;-44.87499999;2023-03-03;32.6;19.4;13.2
DIVINOPOLIS;A564;-20.17333332;-44.87499999;2023-03-04;32.6;18.3;14.3
DIVINOPOLIS;A564;-20.17333332;-44.87499999;2023-03-05;31.4;19.3;12.1
DIVINOPOLIS;A564;-20.17333332;-44.87499999;2023-03-06;31.2;19.8;11.4
DIVINOPOLIS;A564;-20.17333332;-44.87499999;2023-03-07;28.8;17.8;11
DIVINOPOLIS;A564;-20.17333332;-44.87499999;2023-03-08;28.8;18.8;10
DIVINOPOLIS;A564;-20.17333332;-44.87499999;2023-03-09;31.3;18.7;12.6
DIVINOPOLIS;A564;-20.17333332;-44.87499999;2023-03-10;31.1;19.5;11.6
DIVINOPOLIS;A564;-20.17333332;-44.87499999;2023-03-11;29.2;19.4;9.8
DIVINOPOLIS;A564;-20.17333332;-44.87499999;2023-03-12;29.5;18.8;10.7
DIVINOPOLIS;A564;-20.17333332;-44.87499999;2023-03-13;29.3;20.5;8.8
DIVINOPOLIS;A564;-20.17333332;-44.87499999;2023-03-14;27.3;19.8;7.5
DIVINOPOLIS;A564;-20.17333332;-44.87499999;2023-03-15;30.1;17.9;12.2
DIVINOPOLIS;A564;-20.17333332;-44.87499999;2023-03-16;30.1;18.4;11.7
DIVINOPOLIS;A564;-20.17333332;-44.87499999;2023-03-17;29.7;18.1;11.6
DIVINOPOLIS;A564;-20.17333332;-44.87499999;2023-03-18;30.5;16.8;13.7
DIVINOPOLIS;A564;-20.17333332;-44.87499999;2023-03-19;31;18.2;12.8
DIVINOPOLIS;A564;-20.17333332;-44.87499999;2023-03-20;30.1;18.4;11.7
DIVINOPOLIS;A564;-20.17333332;-44.87499999;2023-03-21;30.8;18;12.8
DIVINOPOLIS;A564;-20.17333332;-44.87499999;2023-03-22;30.5;18.8;11.7
DIVINOPOLIS;A564;-20.17333332;-44.87499999;2023-03-23;30.7;19.1;11.6
DIVINOPOLIS;A564;-20.17333332;-44.87499999;2023-03-24;30.8;17.7;13.1
DIVINOPOLIS;A564;-20.17333332;-44.87499999;2023-03-25;31.6;17;14.6
DIVINOPOLIS;A564;-20.17333332;-44.87499999;2023-03-26;32.7;17.7;15
DIVINOPOLIS;A564;-20.17333332;-44.87499999;2023-03-27;32.5;18.3;14.2
DIVINOPOLIS;A564;-20.17333332;-44.87499999;2023-03-28;30.9;19.3;11.6
DIVINOPOLIS;A564;-20.17333332;-44.87499999;2023-03-29;30.1;19.6;10.5
DIVINOPOLIS;A564;-20.17333332;-44.87499999;2023-03-30;31.1;17.8;13.3
DIVINOPOLIS;A564;-20.17333332;-44.87499999;2023-03-31;31.7;17.5;14.2
DIVINOPOLIS;A564;-20.17333332;-44.87499999;2023-04-01;31.8;19.1;12.7
DIVINOPOLIS;A564;-20.17333332;-44.87499999;2023-04-02;31.4;17.2;14.2
DIVINOPOLIS;A564;-20.17333332;-44.87499999;2023-04-03;27.6;18.1;9.5
DIVINOPOLIS;A564;-20.17333332;-44.87499999;2023-04-04;30.2;17.1;13.1
DIVINOPOLIS;A564;-20.17333332;-44.87499999;2023-04-05;30.4;15.6;14.8
DIVINOPOLIS;A564;-20.17333332;-44.87499999;2023-04-06;30.6;17.6;13
DIVINOPOLIS;A564;-20.17333332;-44.87499999;2023-04-07;28.9;18.2;10.7
DIVINOPOLIS;A564;-20.17333332;-44.87499999;2023-04-08;29;19.9;9.1
DIVINOPOLIS;A564;-20.17333332;-44.87499999;2023-04-09;27.8;19.5;8.3
DIVINOPOLIS;A564;-20.17333332;-44.87499999;2023-04-10;28.4;17.2;11.2
DIVINOPOLIS;A564;-20.17333332;-44.87499999;2023-04-11;28;16.4;11.6
DIVINOPOLIS;A564;-20.17333332;-44.87499999;2023-04-12;24.9;18.7;6.2
DIVINOPOLIS;A564;-20.17333332;-44.87499999;2023-04-13;29.5;18.2;11.3
DIVINOPOLIS;A564;-20.17333332;-44.87499999;2023-04-14;29.2;19.1;10.1
DIVINOPOLIS;A564;-20.17333332;-44.87499999;2023-04-15;28.4;18.6;9.8
DIVINOPOLIS;A564;-20.17333332;-44.87499999;2023-04-16;28.8;16.7;12.1
DIVINOPOLIS;A564;-20.17333332;-44.87499999;2023-04-17;29.8;15.7;14.1
DIVINOPOLIS;A564;-20.17333332;-44.87499999;2023-04-18;30.7;17.8;12.9
DIVINOPOLIS;A564;-20.17333332;-44.87499999;2023-04-19;26.5;19.7;6.8
DIVINOPOLIS;A564;-20.17333332;-44.87499999;2023-04-20;26;17.4;8.6
DIVINOPOLIS;A564;-20.17333332;-44.87499999;2023-04-21;25.5;11.7;13.8
DIVINOPOLIS;A564;-20.17333332;-44.87499999;2023-04-22;23.7;15.4;8.3
DIVINOPOLIS;A564;-20.17333332;-44.87499999;2023-04-23;26.1;14.2;11.9
DIVINOPOLIS;A564;-20.17333332;-44.87499999;2023-04-24;27.1;13.6;13.5
DIVINOPOLIS;A564;-20.17333332;-44.87499999;2023-04-25;27.3;13.5;13.8
DIVINOPOLIS;A564;-20.17333332;-44.87499999;2023-04-26;29;14.3;14.7
DIVINOPOLIS;A564;-20.17333332;-44.87499999;2023-04-27;29.1;15.9;13.2
DIVINOPOLIS;A564;-20.17333332;-44.87499999;2023-04-28;28.2;19;9.2
DIVINOPOLIS;A564;-20.17333332;-44.87499999;2023-04-29;28.4;16.6;11.8
DIVINOPOLIS;A564;-20.17333332;-44.87499999;2023-04-30;27.5;15.4;12.1
DIVINOPOLIS;A564;-20.17333332;-44.87499999;2023-05-01;27.1;14.6;12.5
DIVINOPOLIS;A564;-20.17333332;-44.87499999;2023-05-02;28;13.3;14.7
DIVINOPOLIS;A564;-20.17333332;-44.87499999;2023-05-03;28.6;13.5;15.1
DIVINOPOLIS;A564;-20.17333332;-44.87499999;2023-05-04;28.8;13.8;15
DIVINOPOLIS;A564;-20.17333332;-44.87499999;2023-05-05;29.1;15;14.1
DIVINOPOLIS;A564;-20.17333332;-44.87499999;2023-05-06;28;14.2;13.8
DIVINOPOLIS;A564;-20.17333332;-44.87499999;2023-05-07;27.3;13.9;13.4
DIVINOPOLIS;A564;-20.17333332;-44.87499999;2023-05-08;27.1;13.9;13.2
DIVINOPOLIS;A564;-20.17333332;-44.87499999;2023-05-09;28.1;13.7;14.4
DIVINOPOLIS;A564;-20.17333332;-44.87499999;2023-05-10;26.8;15.7;11.1
DIVINOPOLIS;A564;-20.17333332;-44.87499999;2023-05-11;28.3;15.4;12.9
DIVINOPOLIS;A564;-20.17333332;-44.87499999;2023-05-12;27.4;14.2;13.2
DIVINOPOLIS;A564;-20.17333332;-44.87499999;2023-05-13;26.9;11.9;15
DIVINOPOLIS;A564;-20.17333332;-44.87499999;2023-05-14;27.1;10.9;16.2
DIVINOPOLIS;A564;-20.17333332;-44.87499999;2023-05-15;27.2;11.3;15.9
DIVINOPOLIS;A564;-20.17333332;-44.87499999;2023-05-16;26.9;10.5;16.4
DIVINOPOLIS;A564;-20.17333332;-44.87499999;2023-05-17;26.4;8.5;17.9
DIVINOPOLIS;A564;-20.17333332;-44.87499999;2023-05-18;25.7;9.2;16.5
DIVINOPOLIS;A564;-20.17333332;-44.87499999;2023-05-19;24.6;9.1;15.5
DIVINOPOLIS;A564;-20.17333332;-44.87499999;2023-05-20;24.8;8.9;15.9
DIVINOPOLIS;A564;-20.17333332;-44.87499999;2023-05-21;24.8;8.7;16.1
DIVINOPOLIS;A564;-20.17333332;-44.87499999;2023-05-22;24.3;10.3;14
DIVINOPOLIS;A564;-20.17333332;-44.87499999;2023-05-23;25;13.2;11.8
DIVINOPOLIS;A564;-20.17333332;-44.87499999;2023-05-24;25.4;11.6;13.8
DIVINOPOLIS;A564;-20.17333332;-44.87499999;2023-05-25;26.4;12.3;14.1
DIVINOPOLIS;A564;-20.17333332;-44.87499999;2023-05-26;26.6;11.8;14.8
DIVINOPOLIS;A564;-20.17333332;-44.87499999;2023-05-27;27;10.8;16.2
DIVINOPOLIS;A564;-20.17333332;-44.87499999;2023-05-28;27.7;11.9;15.8
DIVINOPOLIS;A564;-20.17333332;-44.87499999;2023-05-29;24.8;16.2;8.6
DIVINOPOLIS;A564;-20.17333332;-44.87499999;2023-05-30;24.4;13;11.4
DIVINOPOLIS;A564;-20.17333332;-44.87499999;2023-05-31;26;16;10
DIVINOPOLIS;A564;-20.17333332;-44.87499999;2023-06-01;24.6;15.5;9.1
DIVINOPOLIS;A564;-20.17333332;-44.87499999;2023-06-02;25.9;11;14.9
DIVINOPOLIS;A564;-20.17333332;-44.87499999;2023-06-03;25.8;10.8;15
DIVINOPOLIS;A564;-20.17333332;-44.87499999;2023-06-04;25.9;9.3;16.6
DIVINOPOLIS;A564;-20.17333332;-44.87499999;2023-06-05;25.2;8.7;16.5
DIVINOPOLIS;A564;-20.17333332;-44.87499999;2023-06-06;24.6;8.2;16.4
DIVINOPOLIS;A564;-20.17333332;-44.87499999;2023-06-07;25.1;7.3;17.8
DIVINOPOLIS;A564;-20.17333332;-44.87499999;2023-06-08;25.8;7.2;18.6
DIVINOPOLIS;A564;-20.17333332;-44.87499999;2023-06-09;27.2;8.4;18.8
DIVINOPOLIS;A564;-20.17333332;-44.87499999;2023-06-10;28;9.9;18.1
DIVINOPOLIS;A564;-20.17333332;-44.87499999;2023-06-11;28.5;9.5;19
DIVINOPOLIS;A564;-20.17333332;-44.87499999;2023-06-12;28.5;11;17.5
DIVINOPOLIS;A564;-20.17333332;-44.87499999;2023-06-13;29.2;12.3;16.9
DIVINOPOLIS;A564;-20.17333332;-44.87499999;2023-06-14;27;17.8;9.2
DIVINOPOLIS;A564;-20.17333332;-44.87499999;2023-06-15;27;14.7;12.3
DIVINOPOLIS;A564;-20.17333332;-44.87499999;2023-06-16;26.7;16.5;10.2
DIVINOPOLIS;A564;-20.17333332;-44.87499999;2023-06-17;23.9;16;7.9
DIVINOPOLIS;A564;-20.17333332;-44.87499999;2023-06-18;25.5;12.9;12.6
DIVINOPOLIS;A564;-20.17333332;-44.87499999;2023-06-19;24.8;9.5;15.3
DIVINOPOLIS;A564;-20.17333332;-44.87499999;2023-06-20;24.2;9.1;15.1
DIVINOPOLIS;A564;-20.17333332;-44.87499999;2023-06-21;24.3;8.8;15.5
DIVINOPOLIS;A564;-20.17333332;-44.87499999;2023-06-22;24.3;7.7;16.6
DIVINOPOLIS;A564;-20.17333332;-44.87499999;2023-06-23;24.5;7.4;17.1
DIVINOPOLIS;A564;-20.17333332;-44.87499999;2023-06-24;24.4;8.5;15.9
DIVINOPOLIS;A564;-20.17333332;-44.87499999;2023-06-25;24.3;9.3;15
DIVINOPOLIS;A564;-20.17333332;-44.87499999;2023-06-26;26.1;8.1;18
DIVINOPOLIS;A564;-20.17333332;-44.87499999;2023-06-27;27;10;17
DIVINOPOLIS;A564;-20.17333332;-44.87499999;2023-06-28;26.5;10.8;15.7
DIVINOPOLIS;A564;-20.17333332;-44.87499999;2023-06-29;26.9;9.5;17.4
DIVINOPOLIS;A564;-20.17333332;-44.87499999;2023-06-30;25.9;12.9;13
DIVINOPOLIS;A564;-20.17333332;-44.87499999;2023-07-01;25.1;9.6;15.5
DIVINOPOLIS;A564;-20.17333332;-44.87499999;2023-07-02;26.2;9.5;16.7
DIVINOPOLIS;A564;-20.17333332;-44.87499999;2023-07-03;23.8;7.7;16.1
DIVINOPOLIS;A564;-20.17333332;-44.87499999;2023-07-04;23.8;7.2;16.6
DIVINOPOLIS;A564;-20.17333332;-44.87499999;2023-07-05;23.4;6.6;16.8
DIVINOPOLIS;A564;-20.17333332;-44.87499999;2023-07-06;22.6;5.9;16.7
DIVINOPOLIS;A564;-20.17333332;-44.87499999;2023-07-07;25;5.3;19.7
DIVINOPOLIS;A564;-20.17333332;-44.87499999;2023-07-08;26.7;7.1;19.6
DIVINOPOLIS;A564;-20.17333332;-44.87499999;2023-07-09;28.7;9.7;19
DIVINOPOLIS;A564;-20.17333332;-44.87499999;2023-07-10;29.2;11.9;17.3
DIVINOPOLIS;A564;-20.17333332;-44.87499999;2023-07-11;29.9;11.1;18.8
DIVINOPOLIS;A564;-20.17333332;-44.87499999;2023-07-12;30.3;11.2;19.1
DIVINOPOLIS;A564;-20.17333332;-44.87499999;2023-07-13;30.7;14.5;16.2
DIVINOPOLIS;A564;-20.17333332;-44.87499999;2023-07-14;23.5;14.1;9.4
DIVINOPOLIS;A564;-20.17333332;-44.87499999;2023-07-15;25.9;7.6;18.3
DIVINOPOLIS;A564;-20.17333332;-44.87499999;2023-07-16;27;10.9;16.1
DIVINOPOLIS;A564;-20.17333332;-44.87499999;2023-07-17;29.6;13.1;16.5
DIVINOPOLIS;A564;-20.17333332;-44.87499999;2023-07-18;30;13.6;16.4
DIVINOPOLIS;A564;-20.17333332;-44.87499999;2023-07-19;28.8;15.7;13.1
DIVINOPOLIS;A564;-20.17333332;-44.87499999;2023-07-20;26.3;14.6;11.7
DIVINOPOLIS;A564;-20.17333332;-44.87499999;2023-07-21;25.3;16.1;9.2
DIVINOPOLIS;A564;-20.17333332;-44.87499999;2023-07-22;25;12.1;12.9
DIVINOPOLIS;A564;-20.17333332;-44.87499999;2023-07-23;27.6;10.2;17.4
DIVINOPOLIS;A564;-20.17333332;-44.87499999;2023-07-24;22.7;13.3;9.4
DIVINOPOLIS;A564;-20.17333332;-44.87499999;2023-07-25;28;11.9;16.1
DIVINOPOLIS;A564;-20.17333332;-44.87499999;2023-07-26;28.5;11.3;17.2
DIVINOPOLIS;A564;-20.17333332;-44.87499999;2023-07-27;28.3;12;16.3
DIVINOPOLIS;A564;-20.17333332;-44.87499999;2023-07-28;28.4;13.2;15.2
DIVINOPOLIS;A564;-20.17333332;-44.87499999;2023-07-29;28.2;12.5;15.7
DIVINOPOLIS;A564;-20.17333332;-44.87499999;2023-07-30;27.1;13;14.1
DIVINOPOLIS;A564;-20.17333332;-44.87499999;2023-07-31;25.5;12.4;13.1
DIVINOPOLIS;A564;-20.17333332;-44.87499999;2023-08-01;27.6;10.8;16.8
DIVINOPOLIS;A564;-20.17333332;-44.87499999;2023-08-02;28.5;9.9;18.6
DIVINOPOLIS;A564;-20.17333332;-44.87499999;2023-08-03;29.7;9.4;20.3
DIVINOPOLIS;A564;-20.17333332;-44.87499999;2023-08-04;29.6;9.8;19.8
DIVINOPOLIS;A564;-20.17333332;-44.87499999;2023-08-05;30.4;10.8;19.6
DIVINOPOLIS;A564;-20.17333332;-44.87499999;2023-08-06;30.2;11;19.2
DIVINOPOLIS;A564;-20.17333332;-44.87499999;2023-08-07;29.5;9.1;20.4
DIVINOPOLIS;A564;-20.17333332;-44.87499999;2023-08-08;30.5;10.9;19.6
DIVINOPOLIS;A564;-20.17333332;-44.87499999;2023-08-09;27.9;15.1;12.8
DIVINOPOLIS;A564;-20.17333332;-44.87499999;2023-08-10;28.6;11.7;16.9
DIVINOPOLIS;A564;-20.17333332;-44.87499999;2023-08-11;30.3;12.1;18.2
DIVINOPOLIS;A564;-20.17333332;-44.87499999;2023-08-12;31.6;12.5;19.1
DIVINOPOLIS;A564;-20.17333332;-44.87499999;2023-08-13;29.7;15.7;14
DIVINOPOLIS;A564;-20.17333332;-44.87499999;2023-08-14;29.2;404;404
DIVINOPOLIS;A564;-20.17333332;-44.87499999;2023-08-15;26.7;404;404
DIVINOPOLIS;A564;-20.17333332;-44.87499999;2023-08-16;27.3;404;404
DIVINOPOLIS;A564;-20.17333332;-44.87499999;2023-08-17;28;404;404
DIVINOPOLIS;A564;-20.17333332;-44.87499999;2023-08-18;30.1;404;404
DIVINOPOLIS;A564;-20.17333332;-44.87499999;2023-08-19;30.7;404;404
DIVINOPOLIS;A564;-20.17333332;-44.87499999;2023-08-20;24.3;404;404
DIVINOPOLIS;A564;-20.17333332;-44.87499999;2023-08-21;23;404;404
DIVINOPOLIS;A564;-20.17333332;-44.87499999;2023-08-22;31;404;404
DIVINOPOLIS;A564;-20.17333332;-44.87499999;2023-08-23;33;10;23
DIVINOPOLIS;A564;-20.17333332;-44.87499999;2023-08-24;33.7;13;20.7
DIVINOPOLIS;A564;-20.17333332;-44.87499999;2023-08-25;33;15.9;17.1
DIVINOPOLIS;A564;-20.17333332;-44.87499999;2023-08-26;30.8;18;12.8
DIVINOPOLIS;A564;-20.17333332;-44.87499999;2023-08-27;21.8;15.3;6.5
DIVINOPOLIS;A564;-20.17333332;-44.87499999;2023-08-28;23.4;15.5;7.9
DIVINOPOLIS;A564;-20.17333332;-44.87499999;2023-08-29;25.4;15.5;9.9
DIVINOPOLIS;A564;-20.17333332;-44.87499999;2023-08-30;28.7;16.1;12.6
DIVINOPOLIS;A564;-20.17333332;-44.87499999;2023-08-31;30.3;14.9;15.4
DIVINOPOLIS;A564;-20.17333332;-44.87499999;2023-09-01;30.2;16.4;13.8
DIVINOPOLIS;A564;-20.17333332;-44.87499999;2023-09-02;30.2;20.1;10.1
DIVINOPOLIS;A564;-20.17333332;-44.87499999;2023-09-03;32.4;17.1;15.3
DIVINOPOLIS;A564;-20.17333332;-44.87499999;2023-09-04;33.5;18.4;15.1
DIVINOPOLIS;A564;-20.17333332;-44.87499999;2023-09-05;32.9;19.4;13.5
DIVINOPOLIS;A564;-20.17333332;-44.87499999;2023-09-06;27.9;21;6.9
DIVINOPOLIS;A564;-20.17333332;-44.87499999;2023-09-07;29;17.5;11.5
DIVINOPOLIS;A564;-20.17333332;-44.87499999;2023-09-08;29.6;13.1;16.5
DIVINOPOLIS;A564;-20.17333332;-44.87499999;2023-09-09;31.1;13.1;18
DIVINOPOLIS;A564;-20.17333332;-44.87499999;2023-09-10;31.9;12.8;19.1
DIVINOPOLIS;A564;-20.17333332;-44.87499999;2023-09-11;30;11.6;18.4
DIVINOPOLIS;A564;-20.17333332;-44.87499999;2023-09-12;31.2;13.2;18
DIVINOPOLIS;A564;-20.17333332;-44.87499999;2023-09-13;32.6;13.8;18.8
DIVINOPOLIS;A564;-20.17333332;-44.87499999;2023-09-14;33.8;15.9;17.9
DIVINOPOLIS;A564;-20.17333332;-44.87499999;2023-09-15;29.3;18.5;10.8
DIVINOPOLIS;A564;-20.17333332;-44.87499999;2023-09-16;33;17.2;15.8
DIVINOPOLIS;A564;-20.17333332;-44.87499999;2023-09-17;33.4;18.4;15
DIVINOPOLIS;A564;-20.17333332;-44.87499999;2023-09-18;33.2;18.7;14.5
DIVINOPOLIS;A564;-20.17333332;-44.87499999;2023-09-19;34.2;15.7;18.5
DIVINOPOLIS;A564;-20.17333332;-44.87499999;2023-09-20;34.2;15.8;18.4
DIVINOPOLIS;A564;-20.17333332;-44.87499999;2023-09-21;32.2;16.3;15.9
DIVINOPOLIS;A564;-20.17333332;-44.87499999;2023-09-22;33.3;17;16.3
DIVINOPOLIS;A564;-20.17333332;-44.87499999;2023-09-23;34.7;18.2;16.5
DIVINOPOLIS;A564;-20.17333332;-44.87499999;2023-09-24;37.2;19.9;17.3
DIVINOPOLIS;A564;-20.17333332;-44.87499999;2023-09-25;38.3;19;19.3
DIVINOPOLIS;A564;-20.17333332;-44.87499999;2023-09-26;36.7;24;12.7
DIVINOPOLIS;A564;-20.17333332;-44.87499999;2023-09-27;31.8;22.9;8.9
DIVINOPOLIS;A564;-20.17333332;-44.87499999;2023-09-28;34.9;20.4;14.5
DIVINOPOLIS;A564;-20.17333332;-44.87499999;2023-09-29;30.7;18.4;12.3
DIVINOPOLIS;A564;-20.17333332;-44.87499999;2023-09-30;32.5;18.8;13.7
DIVINOPOLIS;A564;-20.17333332;-44.87499999;2023-10-01;27.1;20.5;6.6
DIVINOPOLIS;A564;-20.17333332;-44.87499999;2023-10-02;28.8;19.4;9.4
DIVINOPOLIS;A564;-20.17333332;-44.87499999;2023-10-03;32;21.4;10.6
DIVINOPOLIS;A564;-20.17333332;-44.87499999;2023-10-04;34.9;19.9;15
DIVINOPOLIS;A564;-20.17333332;-44.87499999;2023-10-05;34.8;22.5;12.3
DIVINOPOLIS;A564;-20.17333332;-44.87499999;2023-10-06;34.3;24;10.3
DIVINOPOLIS;A564;-20.17333332;-44.87499999;2023-10-07;34.6;23.1;11.5
DIVINOPOLIS;A564;-20.17333332;-44.87499999;2023-10-08;34.9;22.3;12.6
DIVINOPOLIS;A564;-20.17333332;-44.87499999;2023-10-09;29.5;20.8;8.7
DIVINOPOLIS;A564;-20.17333332;-44.87499999;2023-10-10;33.7;19.9;13.8
DIVINOPOLIS;A564;-20.17333332;-44.87499999;2023-10-11;34.5;20;14.5
DIVINOPOLIS;A564;-20.17333332;-44.87499999;2023-10-12;34.9;20.3;14.6
DIVINOPOLIS;A564;-20.17333332;-44.87499999;2023-10-13;30.6;19.4;11.2
DIVINOPOLIS;A564;-20.17333332;-44.87499999;2023-10-14;32.5;20.5;12
DIVINOPOLIS;A564;-20.17333332;-44.87499999;2023-10-15;31.8;20.1;11.7
DIVINOPOLIS;A564;-20.17333332;-44.87499999;2023-10-16;33.2;19.4;13.8
DIVINOPOLIS;A564;-20.17333332;-44.87499999;2023-10-17;33.8;20.5;13.3
DIVINOPOLIS;A564;-20.17333332;-44.87499999;2023-10-18;34.4;21.3;13.1
DIVINOPOLIS;A564;-20.17333332;-44.87499999;2023-10-19;30.8;19.4;11.4
DIVINOPOLIS;A564;-20.17333332;-44.87499999;2023-10-20;29.8;18.5;11.3
DIVINOPOLIS;A564;-20.17333332;-44.87499999;2023-10-21;30.3;19.5;10.8
DIVINOPOLIS;A564;-20.17333332;-44.87499999;2023-10-22;31.5;17.6;13.9
DIVINOPOLIS;A564;-20.17333332;-44.87499999;2023-10-23;32.2;18.4;13.8
DIVINOPOLIS;A564;-20.17333332;-44.87499999;2023-10-24;35.4;18.3;17.1
DIVINOPOLIS;A564;-20.17333332;-44.87499999;2023-10-25;33.3;21.5;11.8
DIVINOPOLIS;A564;-20.17333332;-44.87499999;2023-10-26;32.8;21.3;11.5
DIVINOPOLIS;A564;-20.17333332;-44.87499999;2023-10-27;30.2;20.5;9.7
DIVINOPOLIS;A564;-20.17333332;-44.87499999;2023-10-28;28.9;19.3;9.6
DIVINOPOLIS;A564;-20.17333332;-44.87499999;2023-10-29;33.4;20.9;12.5
DIVINOPOLIS;A564;-20.17333332;-44.87499999;2023-10-30;31.6;20.9;10.7
DIVINOPOLIS;A564;-20.17333332;-44.87499999;2023-10-31;33.3;23.3;10
DIVINOPOLIS;A564;-20.17333332;-44.87499999;2023-11-01;30.2;19.5;10.7
DIVINOPOLIS;A564;-20.17333332;-44.87499999;2023-11-02;31.4;20.2;11.2
DIVINOPOLIS;A564;-20.17333332;-44.87499999;2023-11-03;29.8;19.8;10
DIVINOPOLIS;A564;-20.17333332;-44.87499999;2023-11-04;30.6;19.7;10.9
DIVINOPOLIS;A564;-20.17333332;-44.87499999;2023-11-05;31.1;17.1;14
DIVINOPOLIS;A564;-20.17333332;-44.87499999;2023-11-06;31.7;16.9;14.8
DIVINOPOLIS;A564;-20.17333332;-44.87499999;2023-11-07;31.2;16.1;15.1
DIVINOPOLIS;A564;-20.17333332;-44.87499999;2023-11-08;31.1;13.9;17.2
DIVINOPOLIS;A564;-20.17333332;-44.87499999;2023-11-09;32.3;14.4;17.9
DIVINOPOLIS;A564;-20.17333332;-44.87499999;2023-11-10;34.2;16.4;17.8
DIVINOPOLIS;A564;-20.17333332;-44.87499999;2023-11-11;34.5;18.2;16.3
DIVINOPOLIS;A564;-20.17333332;-44.87499999;2023-11-12;36.2;17;19.2
DIVINOPOLIS;A564;-20.17333332;-44.87499999;2023-11-13;36.5;20.9;15.6
DIVINOPOLIS;A564;-20.17333332;-44.87499999;2023-11-14;38;20.1;17.9
DIVINOPOLIS;A564;-20.17333332;-44.87499999;2023-11-15;37.7;21.7;16
DIVINOPOLIS;A564;-20.17333332;-44.87499999;2023-11-16;35.2;20.4;14.8
DIVINOPOLIS;A564;-20.17333332;-44.87499999;2023-11-17;36.4;21.1;15.3
DIVINOPOLIS;A564;-20.17333332;-44.87499999;2023-11-18;36.8;21.9;14.9
DIVINOPOLIS;A564;-20.17333332;-44.87499999;2023-11-19;36;21.4;14.6
DIVINOPOLIS;A564;-20.17333332;-44.87499999;2023-11-20;26.7;18.9;7.8
DIVINOPOLIS;A564;-20.17333332;-44.87499999;2023-11-21;30.4;20.2;10.2
DIVINOPOLIS;A564;-20.17333332;-44.87499999;2023-11-22;31.5;20.5;11
DIVINOPOLIS;A564;-20.17333332;-44.87499999;2023-11-23;32.6;20.9;11.7
DIVINOPOLIS;A564;-20.17333332;-44.87499999;2023-11-24;33.2;21.7;11.5
DIVINOPOLIS;A564;-20.17333332;-44.87499999;2023-11-25;29.9;18.7;11.2
DIVINOPOLIS;A564;-20.17333332;-44.87499999;2023-11-26;30.2;17.3;12.9
DIVINOPOLIS;A564;-20.17333332;-44.87499999;2023-11-27;30.1;18.5;11.6
DIVINOPOLIS;A564;-20.17333332;-44.87499999;2023-11-28;33.2;21;12.2
DIVINOPOLIS;A564;-20.17333332;-44.87499999;2023-11-29;26.2;19.2;7
DIVINOPOLIS;A564;-20.17333332;-44.87499999;2023-11-30;31.6;19.6;12
